INFO 2026-01-16 21:25:33,838 autoreload 8100 8892 Watching for file changes with StatReloader
WARNING 2026-01-16 21:25:39,439 log 8100 24528 Not Found: /accounts/users/
WARNING 2026-01-16 21:25:39,440 basehttp 8100 24528 "GET /accounts/users/ HTTP/1.1" 404 3032
INFO 2026-01-16 21:25:42,516 basehttp 8100 27120 "GET / HTTP/1.1" 302 0
INFO 2026-01-16 21:25:42,640 basehttp 8100 27120 "GET /auth/login/ HTTP/1.1" 200 7210
INFO 2026-01-16 21:27:25,533 autoreload 13196 4988 Watching for file changes with StatReloader
INFO 2026-01-16 21:27:32,208 basehttp 13196 16604 "GET /auth/login/ HTTP/1.1" 200 7210
INFO 2026-01-16 21:27:33,894 basehttp 13196 16604 "GET /auth/login/ HTTP/1.1" 200 7210
INFO 2026-01-16 21:27:41,948 basehttp 13196 13308 "POST /auth/login/ HTTP/1.1" 200 7491
INFO 2026-01-16 21:32:03,977 basehttp 13196 14004 "POST /auth/login/ HTTP/1.1" 200 7491
INFO 2026-01-16 21:32:08,777 basehttp 13196 14004 "POST /auth/login/ HTTP/1.1" 200 7491
INFO 2026-01-16 21:32:13,226 basehttp 13196 14004 "GET / HTTP/1.1" 302 0
INFO 2026-01-16 21:32:13,235 basehttp 13196 14004 "GET /auth/login/ HTTP/1.1" 200 7210
INFO 2026-01-16 21:32:22,083 basehttp 13196 14004 "POST /auth/login/ HTTP/1.1" 200 7491
INFO 2026-01-16 21:34:51,411 autoreload 19156 21964 Watching for file changes with StatReloader
INFO 2026-01-16 21:34:54,007 basehttp 19156 20636 "GET / HTTP/1.1" 302 0
INFO 2026-01-16 21:34:54,019 basehttp 19156 20636 "GET /auth/login/ HTTP/1.1" 200 7210
INFO 2026-01-16 21:35:03,097 basehttp 19156 20636 "POST /auth/login/ HTTP/1.1" 200 7491
INFO 2026-01-16 21:35:15,536 basehttp 19156 20636 "POST /auth/login/ HTTP/1.1" 302 0
ERROR 2026-01-16 21:35:16,074 log 19156 20636 Internal Server Error: /auth/login/
Traceback (most recent call last):
  File "D:\OWN PROJECTS\PETROX BUKAVU\CODEBASE\Petrox\venv\Lib\site-packages\django\core\handlers\exception.py", line 55, in inner
    response = get_response(request)
  File "D:\OWN PROJECTS\PETROX BUKAVU\CODEBASE\Petrox\venv\Lib\site-packages\django\core\handlers\base.py", line 197, in _get_response
    response = wrapped_callback(request, *callback_args, **callback_kwargs)
  File "D:\OWN PROJECTS\PETROX BUKAVU\CODEBASE\Petrox\venv\Lib\site-packages\django\views\generic\base.py", line 104, in view
    return self.dispatch(request, *args, **kwargs)
           ~~~~~~~~~~~~~^^^^^^^^^^^^^^^^^^^^^^^^^^
  File "D:\OWN PROJECTS\PETROX BUKAVU\CODEBASE\Petrox\venv\Lib\site-packages\django\utils\decorators.py", line 46, in _wrapper
    return bound_method(*args, **kwargs)
  File "D:\OWN PROJECTS\PETROX BUKAVU\CODEBASE\Petrox\venv\Lib\site-packages\django\views\decorators\debug.py", line 92, in sensitive_post_parameters_wrapper
    return view(request, *args, **kwargs)
  File "D:\OWN PROJECTS\PETROX BUKAVU\CODEBASE\Petrox\venv\Lib\site-packages\django\utils\decorators.py", line 46, in _wrapper
    return bound_method(*args, **kwargs)
  File "D:\OWN PROJECTS\PETROX BUKAVU\CODEBASE\Petrox\venv\Lib\site-packages\django\utils\decorators.py", line 134, in _wrapper_view
    response = view_func(request, *args, **kwargs)
  File "D:\OWN PROJECTS\PETROX BUKAVU\CODEBASE\Petrox\venv\Lib\site-packages\django\utils\decorators.py", line 46, in _wrapper
    return bound_method(*args, **kwargs)
  File "D:\OWN PROJECTS\PETROX BUKAVU\CODEBASE\Petrox\venv\Lib\site-packages\django\views\decorators\cache.py", line 62, in _wrapper_view_func
    response = view_func(request, *args, **kwargs)
  File "D:\OWN PROJECTS\PETROX BUKAVU\CODEBASE\Petrox\venv\Lib\site-packages\django\contrib\auth\views.py", line 85, in dispatch
    raise ValueError(
    ...<2 lines>...
    )
ValueError: Redirection loop for authenticated user detected. Check that your LOGIN_REDIRECT_URL doesn't point to a login page.
ERROR 2026-01-16 21:35:16,081 basehttp 19156 20636 "GET /auth/login/ HTTP/1.1" 500 110108
INFO 2026-01-16 21:37:12,400 autoreload 19156 21964 D:\OWN PROJECTS\PETROX BUKAVU\CODEBASE\Petrox\apps\authentication\views.py changed, reloading.
INFO 2026-01-16 21:37:13,978 autoreload 18572 26696 Watching for file changes with StatReloader
INFO 2026-01-16 21:37:53,597 autoreload 18572 26696 D:\OWN PROJECTS\PETROX BUKAVU\CODEBASE\Petrox\apps\authentication\views.py changed, reloading.
INFO 2026-01-16 21:37:54,834 autoreload 3136 22216 Watching for file changes with StatReloader
INFO 2026-01-16 21:38:07,480 autoreload 17372 23576 Watching for file changes with StatReloader
INFO 2026-01-16 21:38:10,739 basehttp 17372 26056 "GET /auth/login/ HTTP/1.1" 200 7509
INFO 2026-01-16 21:38:16,317 basehttp 17372 26056 "GET /auth/login/ HTTP/1.1" 200 7210
INFO 2026-01-16 21:38:17,253 basehttp 17372 26056 "GET /auth/login/ HTTP/1.1" 200 7210
INFO 2026-01-16 21:38:25,653 basehttp 17372 22848 "POST /auth/login/ HTTP/1.1" 200 7491
INFO 2026-01-16 21:38:35,783 basehttp 17372 10596 "POST /auth/login/ HTTP/1.1" 200 7736
INFO 2026-01-16 21:38:46,880 basehttp 17372 26720 "GET /admin/ HTTP/1.1" 302 0
INFO 2026-01-16 21:38:47,269 basehttp 17372 26720 "GET /admin/login/?next=/admin/ HTTP/1.1" 200 4259
INFO 2026-01-16 21:38:47,598 basehttp 17372 4464 "GET /static/admin/css/login.css HTTP/1.1" 200 958
INFO 2026-01-16 21:38:47,598 basehttp 17372 26720 "GET /static/admin/css/base.css HTTP/1.1" 200 21207
INFO 2026-01-16 21:38:47,604 basehttp 17372 21476 "GET /static/admin/css/nav_sidebar.css HTTP/1.1" 200 2694
INFO 2026-01-16 21:38:47,605 basehttp 17372 6600 "GET /static/admin/css/dark_mode.css HTTP/1.1" 200 2929
INFO 2026-01-16 21:38:47,609 basehttp 17372 21036 "GET /static/admin/css/responsive.css HTTP/1.1" 200 18533
INFO 2026-01-16 21:38:47,654 basehttp 17372 3696 "GET /static/admin/js/theme.js HTTP/1.1" 200 1943
INFO 2026-01-16 21:38:47,654 basehttp 17372 4464 "GET /static/admin/js/nav_sidebar.js HTTP/1.1" 200 3063
INFO 2026-01-16 21:38:58,782 basehttp 17372 22396 "POST /admin/login/?next=/admin/ HTTP/1.1" 302 0
INFO 2026-01-16 21:38:58,883 basehttp 17372 22396 "GET /admin/ HTTP/1.1" 200 11710
INFO 2026-01-16 21:38:58,933 basehttp 17372 22396 "GET /static/admin/css/dashboard.css HTTP/1.1" 200 441
INFO 2026-01-16 21:38:58,959 basehttp 17372 25224 "GET /static/admin/img/icon-changelink.svg HTTP/1.1" 200 380
INFO 2026-01-16 21:38:58,959 basehttp 17372 22396 "GET /static/admin/img/icon-addlink.svg HTTP/1.1" 200 331
INFO 2026-01-16 21:39:03,832 basehttp 17372 22396 "GET /admin/core/user/ HTTP/1.1" 200 16239
INFO 2026-01-16 21:39:03,892 basehttp 17372 22396 "GET /static/admin/css/changelists.css HTTP/1.1" 200 6566
INFO 2026-01-16 21:39:03,903 basehttp 17372 11116 "GET /static/admin/js/jquery.init.js HTTP/1.1" 200 347
INFO 2026-01-16 21:39:03,930 basehttp 17372 26212 "GET /static/admin/js/core.js HTTP/1.1" 200 5682
INFO 2026-01-16 21:39:03,933 basehttp 17372 10152 "GET /static/admin/js/admin/RelatedObjectLookups.js HTTP/1.1" 200 8943
INFO 2026-01-16 21:39:03,938 basehttp 17372 22396 "GET /static/admin/js/actions.js HTTP/1.1" 200 7872
INFO 2026-01-16 21:39:03,954 basehttp 17372 11116 "GET /static/admin/js/urlify.js HTTP/1.1" 200 7887
INFO 2026-01-16 21:39:03,971 basehttp 17372 22396 "GET /static/admin/img/search.svg HTTP/1.1" 200 458
INFO 2026-01-16 21:39:03,982 basehttp 17372 25224 "GET /admin/jsi18n/ HTTP/1.1" 200 8621
INFO 2026-01-16 21:39:03,984 basehttp 17372 26212 "GET /static/admin/js/prepopulate.js HTTP/1.1" 200 1531
INFO 2026-01-16 21:39:03,984 basehttp 17372 11116 "GET /static/admin/img/icon-yes.svg HTTP/1.1" 200 436
INFO 2026-01-16 21:39:04,032 basehttp 17372 7256 "GET /static/admin/js/vendor/jquery/jquery.js HTTP/1.1" 200 292458
INFO 2026-01-16 21:39:04,071 basehttp 17372 7256 "GET /static/admin/js/filters.js HTTP/1.1" 200 978
INFO 2026-01-16 21:39:04,073 basehttp 17372 10152 "GET /static/admin/js/vendor/xregexp/xregexp.js HTTP/1.1" 200 232381
INFO 2026-01-16 21:39:04,106 basehttp 17372 10152 "GET /static/admin/img/tooltag-add.svg HTTP/1.1" 200 331
INFO 2026-01-16 21:39:04,110 basehttp 17372 7256 "GET /static/admin/img/sorting-icons.svg HTTP/1.1" 200 1097
INFO 2026-01-16 21:39:08,589 basehttp 17372 25948 "GET /admin/core/user/2/change/ HTTP/1.1" 200 37389
INFO 2026-01-16 21:39:08,640 basehttp 17372 25948 "GET /static/admin/css/forms.css HTTP/1.1" 200 9047
INFO 2026-01-16 21:39:08,656 basehttp 17372 25948 "GET /static/admin/img/icon-deletelink.svg HTTP/1.1" 200 392
INFO 2026-01-16 21:39:08,664 basehttp 17372 4772 "GET /static/admin/js/calendar.js HTTP/1.1" 200 8466
INFO 2026-01-16 21:39:08,665 basehttp 17372 23344 "GET /static/admin/js/admin/DateTimeShortcuts.js HTTP/1.1" 200 19319
INFO 2026-01-16 21:39:08,669 basehttp 17372 21412 "GET /static/admin/js/SelectFilter2.js HTTP/1.1" 200 15292
INFO 2026-01-16 21:39:08,681 basehttp 17372 21800 "GET /static/admin/js/SelectBox.js HTTP/1.1" 200 4530
INFO 2026-01-16 21:39:08,682 basehttp 17372 25948 "GET /static/admin/css/widgets.css HTTP/1.1" 200 11900
INFO 2026-01-16 21:39:08,688 basehttp 17372 4772 "GET /static/admin/img/icon-viewlink.svg HTTP/1.1" 200 581
INFO 2026-01-16 21:39:08,702 basehttp 17372 19828 "GET /admin/jsi18n/ HTTP/1.1" 200 8621
INFO 2026-01-16 21:39:08,703 basehttp 17372 23344 "GET /static/admin/js/prepopulate_init.js HTTP/1.1" 200 586
INFO 2026-01-16 21:39:08,731 basehttp 17372 23344 "GET /static/admin/js/change_form.js HTTP/1.1" 200 606
INFO 2026-01-16 21:39:08,815 basehttp 17372 21800 "GET /static/admin/img/icon-clock.svg HTTP/1.1" 200 677
INFO 2026-01-16 21:39:08,815 basehttp 17372 4772 "GET /static/admin/img/icon-unknown-alt.svg HTTP/1.1" 200 655
INFO 2026-01-16 21:39:08,815 basehttp 17372 23344 "GET /static/admin/img/icon-unknown.svg HTTP/1.1" 200 655
INFO 2026-01-16 21:39:08,821 basehttp 17372 19828 "GET /static/admin/img/selector-icons.svg HTTP/1.1" 200 3291
INFO 2026-01-16 21:39:08,823 basehttp 17372 25948 "GET /static/admin/img/icon-calendar.svg HTTP/1.1" 200 1086
INFO 2026-01-16 21:39:26,495 basehttp 17372 17264 "POST /admin/core/user/2/change/ HTTP/1.1" 200 37722
INFO 2026-01-16 21:39:26,571 basehttp 17372 17264 "GET /admin/jsi18n/ HTTP/1.1" 200 8621
INFO 2026-01-16 21:39:38,922 basehttp 17372 11068 "POST /admin/core/user/2/change/ HTTP/1.1" 302 0
INFO 2026-01-16 21:39:39,092 basehttp 17372 11068 "GET /admin/core/user/ HTTP/1.1" 200 16500
INFO 2026-01-16 21:39:39,279 basehttp 17372 11068 "GET /admin/jsi18n/ HTTP/1.1" 200 8621
WARNING 2026-01-16 21:39:43,004 log 17372 11068 Forbidden (CSRF token from POST incorrect.): /auth/login/
WARNING 2026-01-16 21:39:43,005 basehttp 17372 11068 "POST /auth/login/ HTTP/1.1" 403 2541
WARNING 2026-01-16 21:39:48,155 log 17372 11068 Forbidden (CSRF token from POST incorrect.): /auth/login/
WARNING 2026-01-16 21:39:48,156 basehttp 17372 11068 "POST /auth/login/ HTTP/1.1" 403 2541
INFO 2026-01-16 21:40:05,484 autoreload 1048 7936 Watching for file changes with StatReloader
INFO 2026-01-16 21:40:11,758 basehttp 1048 24848 "GET / HTTP/1.1" 302 0
INFO 2026-01-16 21:40:11,864 basehttp 1048 24848 "GET /auth/login/ HTTP/1.1" 302 0
INFO 2026-01-16 21:40:11,925 basehttp 1048 24848 "GET /dashboard/ HTTP/1.1" 200 0
INFO 2026-01-16 21:42:28,189 basehttp 1048 22524 "GET /admin/core/user/2/change/ HTTP/1.1" 200 37524
INFO 2026-01-16 21:42:28,424 basehttp 1048 22524 "GET /admin/jsi18n/ HTTP/1.1" 200 8621
INFO 2026-01-16 21:42:35,866 basehttp 1048 22524 "POST /admin/core/user/2/change/ HTTP/1.1" 302 0
INFO 2026-01-16 21:42:35,975 basehttp 1048 22524 "GET /admin/core/user/ HTTP/1.1" 200 16496
INFO 2026-01-16 21:42:36,190 basehttp 1048 22524 "GET /admin/jsi18n/ HTTP/1.1" 200 8621
WARNING 2026-01-16 21:42:38,947 log 1048 10084 Forbidden (Permission denied): /dashboard/
Traceback (most recent call last):
  File "D:\OWN PROJECTS\PETROX BUKAVU\CODEBASE\Petrox\venv\Lib\site-packages\django\core\handlers\exception.py", line 55, in inner
    response = get_response(request)
  File "D:\OWN PROJECTS\PETROX BUKAVU\CODEBASE\Petrox\venv\Lib\site-packages\django\core\handlers\base.py", line 197, in _get_response
    response = wrapped_callback(request, *callback_args, **callback_kwargs)
  File "D:\OWN PROJECTS\PETROX BUKAVU\CODEBASE\Petrox\venv\Lib\site-packages\django\views\generic\base.py", line 104, in view
    return self.dispatch(request, *args, **kwargs)
           ~~~~~~~~~~~~~^^^^^^^^^^^^^^^^^^^^^^^^^^
  File "D:\OWN PROJECTS\PETROX BUKAVU\CODEBASE\Petrox\venv\Lib\site-packages\django\contrib\auth\mixins.py", line 134, in dispatch
    return self.handle_no_permission()
           ~~~~~~~~~~~~~~~~~~~~~~~~~^^
  File "D:\OWN PROJECTS\PETROX BUKAVU\CODEBASE\Petrox\venv\Lib\site-packages\django\contrib\auth\mixins.py", line 48, in handle_no_permission
    raise PermissionDenied(self.get_permission_denied_message())
django.core.exceptions.PermissionDenied
WARNING 2026-01-16 21:42:38,955 basehttp 1048 10084 "GET /dashboard/ HTTP/1.1" 403 135
INFO 2026-01-16 21:42:57,577 autoreload 20036 1368 Watching for file changes with StatReloader
INFO 2026-01-16 21:43:03,355 basehttp 20036 22340 "GET / HTTP/1.1" 302 0
INFO 2026-01-16 21:43:03,421 basehttp 20036 22340 "GET /auth/login/ HTTP/1.1" 302 0
WARNING 2026-01-16 21:43:03,478 log 20036 22340 Forbidden (Permission denied): /manager/
Traceback (most recent call last):
  File "D:\OWN PROJECTS\PETROX BUKAVU\CODEBASE\Petrox\venv\Lib\site-packages\django\core\handlers\exception.py", line 55, in inner
    response = get_response(request)
  File "D:\OWN PROJECTS\PETROX BUKAVU\CODEBASE\Petrox\venv\Lib\site-packages\django\core\handlers\base.py", line 197, in _get_response
    response = wrapped_callback(request, *callback_args, **callback_kwargs)
  File "D:\OWN PROJECTS\PETROX BUKAVU\CODEBASE\Petrox\venv\Lib\site-packages\django\views\generic\base.py", line 104, in view
    return self.dispatch(request, *args, **kwargs)
           ~~~~~~~~~~~~~^^^^^^^^^^^^^^^^^^^^^^^^^^
  File "D:\OWN PROJECTS\PETROX BUKAVU\CODEBASE\Petrox\venv\Lib\site-packages\django\contrib\auth\mixins.py", line 134, in dispatch
    return self.handle_no_permission()
           ~~~~~~~~~~~~~~~~~~~~~~~~~^^
  File "D:\OWN PROJECTS\PETROX BUKAVU\CODEBASE\Petrox\venv\Lib\site-packages\django\contrib\auth\mixins.py", line 48, in handle_no_permission
    raise PermissionDenied(self.get_permission_denied_message())
django.core.exceptions.PermissionDenied
WARNING 2026-01-16 21:43:03,483 basehttp 20036 22340 "GET /manager/ HTTP/1.1" 403 135
INFO 2026-01-16 21:43:10,021 basehttp 20036 17504 "GET /admin/core/user/2/change/ HTTP/1.1" 200 37518
INFO 2026-01-16 21:43:10,244 basehttp 20036 17504 "GET /admin/jsi18n/ HTTP/1.1" 200 8621
INFO 2026-01-16 21:43:18,017 basehttp 20036 27448 "POST /admin/core/user/2/change/ HTTP/1.1" 302 0
INFO 2026-01-16 21:43:18,215 basehttp 20036 27448 "GET /admin/core/user/ HTTP/1.1" 200 16500
INFO 2026-01-16 21:43:18,403 basehttp 20036 27448 "GET /admin/jsi18n/ HTTP/1.1" 200 8621
WARNING 2026-01-16 21:43:20,784 log 20036 27448 Forbidden (Permission denied): /manager/
Traceback (most recent call last):
  File "D:\OWN PROJECTS\PETROX BUKAVU\CODEBASE\Petrox\venv\Lib\site-packages\django\core\handlers\exception.py", line 55, in inner
    response = get_response(request)
  File "D:\OWN PROJECTS\PETROX BUKAVU\CODEBASE\Petrox\venv\Lib\site-packages\django\core\handlers\base.py", line 197, in _get_response
    response = wrapped_callback(request, *callback_args, **callback_kwargs)
  File "D:\OWN PROJECTS\PETROX BUKAVU\CODEBASE\Petrox\venv\Lib\site-packages\django\views\generic\base.py", line 104, in view
    return self.dispatch(request, *args, **kwargs)
           ~~~~~~~~~~~~~^^^^^^^^^^^^^^^^^^^^^^^^^^
  File "D:\OWN PROJECTS\PETROX BUKAVU\CODEBASE\Petrox\venv\Lib\site-packages\django\contrib\auth\mixins.py", line 134, in dispatch
    return self.handle_no_permission()
           ~~~~~~~~~~~~~~~~~~~~~~~~~^^
  File "D:\OWN PROJECTS\PETROX BUKAVU\CODEBASE\Petrox\venv\Lib\site-packages\django\contrib\auth\mixins.py", line 48, in handle_no_permission
    raise PermissionDenied(self.get_permission_denied_message())
django.core.exceptions.PermissionDenied
WARNING 2026-01-16 21:43:20,787 basehttp 20036 27448 "GET /manager/ HTTP/1.1" 403 135
INFO 2026-01-16 21:43:23,001 basehttp 20036 27448 "GET / HTTP/1.1" 302 0
INFO 2026-01-16 21:43:23,180 basehttp 20036 27448 "GET /auth/login/ HTTP/1.1" 302 0
INFO 2026-01-16 21:43:23,230 basehttp 20036 27448 "GET /dashboard/ HTTP/1.1" 200 0
INFO 2026-01-16 21:45:38,580 basehttp 20036 16552 "GET /dashboard/ HTTP/1.1" 200 47146
INFO 2026-01-16 21:45:39,054 basehttp 20036 16552 "GET /dashboard/api/stats/ HTTP/1.1" 200 244
INFO 2026-01-16 21:46:05,855 basehttp 20036 472 "GET /dashboard/api/stats/ HTTP/1.1" 200 244
INFO 2026-01-16 21:46:06,875 basehttp 20036 472 "GET /dashboard/api/stats/ HTTP/1.1" 200 244
INFO 2026-01-16 21:46:16,731 basehttp 20036 11888 "GET /dashboard/ HTTP/1.1" 200 47146
INFO 2026-01-16 21:46:16,944 basehttp 20036 11888 "GET /dashboard/api/stats/ HTTP/1.1" 200 244
INFO 2026-01-16 21:46:30,676 basehttp 20036 11408 "GET /dashboard/api/stats/ HTTP/1.1" 200 244
INFO 2026-01-16 21:46:31,675 basehttp 20036 11408 "GET /dashboard/api/stats/ HTTP/1.1" 200 244
INFO 2026-01-16 22:50:38,517 basehttp 20036 19120 "GET /dashboard/ HTTP/1.1" 200 47146
INFO 2026-01-16 22:50:39,043 basehttp 20036 19120 "GET /dashboard/api/stats/ HTTP/1.1" 200 244
INFO 2026-01-16 22:50:56,094 basehttp 20036 15236 "GET /auth/logout/ HTTP/1.1" 302 0
INFO 2026-01-16 22:50:56,423 basehttp 20036 15236 "GET /auth/login/ HTTP/1.1" 200 7507
INFO 2026-01-16 22:59:11,140 autoreload 3588 19940 Watching for file changes with StatReloader
INFO 2026-01-16 22:59:18,179 basehttp 3588 23792 "POST /auth/login/ HTTP/1.1" 302 0
INFO 2026-01-16 22:59:18,646 basehttp 3588 23792 "GET /dashboard/ HTTP/1.1" 200 47146
INFO 2026-01-16 22:59:19,242 basehttp 3588 23792 "GET /dashboard/api/stats/ HTTP/1.1" 200 244
INFO 2026-01-16 22:59:34,323 basehttp 3588 920 "GET /dashboard/ HTTP/1.1" 200 19382
INFO 2026-01-16 22:59:57,953 basehttp 3588 23240 "GET /dashboard/ HTTP/1.1" 200 47146
INFO 2026-01-16 22:59:58,311 basehttp 3588 23240 "GET /dashboard/api/stats/ HTTP/1.1" 200 244
INFO 2026-01-16 23:00:31,806 basehttp 3588 3296 "GET /dashboard/ HTTP/1.1" 200 19382
INFO 2026-01-16 23:00:41,131 basehttp 3588 3296 "GET /dashboard/ HTTP/1.1" 200 47146
INFO 2026-01-16 23:00:41,354 basehttp 3588 3296 "GET /dashboard/api/stats/ HTTP/1.1" 200 244
INFO 2026-01-16 23:21:04,932 autoreload 3588 19940 D:\OWN PROJECTS\PETROX BUKAVU\CODEBASE\Petrox\apps\admin_module\views.py changed, reloading.
INFO 2026-01-16 23:21:05,961 autoreload 6876 26960 Watching for file changes with StatReloader
INFO 2026-01-17 23:15:12,280 autoreload 14360 23004 Watching for file changes with StatReloader
INFO 2026-01-17 23:15:16,785 basehttp 14360 3132 "GET /dashboard/ HTTP/1.1" 200 47146
ERROR 2026-01-17 23:15:17,766 log 14360 3132 Internal Server Error: /dashboard/api/stats/
Traceback (most recent call last):
  File "D:\OWN PROJECTS\PETROX BUKAVU\CODEBASE\Petrox\venv\Lib\site-packages\django\core\handlers\exception.py", line 55, in inner
    response = get_response(request)
  File "D:\OWN PROJECTS\PETROX BUKAVU\CODEBASE\Petrox\venv\Lib\site-packages\django\core\handlers\base.py", line 197, in _get_response
    response = wrapped_callback(request, *callback_args, **callback_kwargs)
  File "D:\OWN PROJECTS\PETROX BUKAVU\CODEBASE\Petrox\venv\Lib\site-packages\django\views\generic\base.py", line 104, in view
    return self.dispatch(request, *args, **kwargs)
           ~~~~~~~~~~~~~^^^^^^^^^^^^^^^^^^^^^^^^^^
  File "D:\OWN PROJECTS\PETROX BUKAVU\CODEBASE\Petrox\venv\Lib\site-packages\django\contrib\auth\mixins.py", line 135, in dispatch
    return super().dispatch(request, *args, **kwargs)
           ~~~~~~~~~~~~~~~~^^^^^^^^^^^^^^^^^^^^^^^^^^
  File "D:\OWN PROJECTS\PETROX BUKAVU\CODEBASE\Petrox\venv\Lib\site-packages\django\views\generic\base.py", line 143, in dispatch
    return handler(request, *args, **kwargs)
  File "D:\OWN PROJECTS\PETROX BUKAVU\CODEBASE\Petrox\apps\admin_module\views.py", line 117, in get
    quantite_actuelle__lte=models.F('seuil_alerte')
                           ^^^^^^^^
AttributeError: module 'apps.admin_module.models' has no attribute 'F'
ERROR 2026-01-17 23:15:17,771 basehttp 14360 3132 "GET /dashboard/api/stats/ HTTP/1.1" 500 91165
ERROR 2026-01-17 23:15:20,751 log 14360 26632 Internal Server Error: /dashboard/api/stats/
Traceback (most recent call last):
  File "D:\OWN PROJECTS\PETROX BUKAVU\CODEBASE\Petrox\venv\Lib\site-packages\django\core\handlers\exception.py", line 55, in inner
    response = get_response(request)
  File "D:\OWN PROJECTS\PETROX BUKAVU\CODEBASE\Petrox\venv\Lib\site-packages\django\core\handlers\base.py", line 197, in _get_response
    response = wrapped_callback(request, *callback_args, **callback_kwargs)
  File "D:\OWN PROJECTS\PETROX BUKAVU\CODEBASE\Petrox\venv\Lib\site-packages\django\views\generic\base.py", line 104, in view
    return self.dispatch(request, *args, **kwargs)
           ~~~~~~~~~~~~~^^^^^^^^^^^^^^^^^^^^^^^^^^
  File "D:\OWN PROJECTS\PETROX BUKAVU\CODEBASE\Petrox\venv\Lib\site-packages\django\contrib\auth\mixins.py", line 135, in dispatch
    return super().dispatch(request, *args, **kwargs)
           ~~~~~~~~~~~~~~~~^^^^^^^^^^^^^^^^^^^^^^^^^^
  File "D:\OWN PROJECTS\PETROX BUKAVU\CODEBASE\Petrox\venv\Lib\site-packages\django\views\generic\base.py", line 143, in dispatch
    return handler(request, *args, **kwargs)
  File "D:\OWN PROJECTS\PETROX BUKAVU\CODEBASE\Petrox\apps\admin_module\views.py", line 117, in get
    quantite_actuelle__lte=models.F('seuil_alerte')
                           ^^^^^^^^
AttributeError: module 'apps.admin_module.models' has no attribute 'F'
ERROR 2026-01-17 23:15:20,755 basehttp 14360 26632 "GET /dashboard/api/stats/ HTTP/1.1" 500 91165
INFO 2026-01-17 23:15:27,239 basehttp 14360 26632 "GET /admin/core/user/ HTTP/1.1" 200 16235
INFO 2026-01-17 23:15:27,364 basehttp 14360 26632 "GET /admin/jsi18n/ HTTP/1.1" 200 8621
INFO 2026-01-17 23:15:59,863 basehttp 14360 23256 "GET /auth/logout/ HTTP/1.1" 302 0
ERROR 2026-01-17 23:15:59,985 log 14360 23256 Internal Server Error: /auth/login/
Traceback (most recent call last):
  File "D:\OWN PROJECTS\PETROX BUKAVU\CODEBASE\Petrox\venv\Lib\site-packages\django\core\handlers\exception.py", line 55, in inner
    response = get_response(request)
  File "D:\OWN PROJECTS\PETROX BUKAVU\CODEBASE\Petrox\venv\Lib\site-packages\django\core\handlers\base.py", line 220, in _get_response
    response = response.render()
  File "D:\OWN PROJECTS\PETROX BUKAVU\CODEBASE\Petrox\venv\Lib\site-packages\django\template\response.py", line 114, in render
    self.content = self.rendered_content
                   ^^^^^^^^^^^^^^^^^^^^^
  File "D:\OWN PROJECTS\PETROX BUKAVU\CODEBASE\Petrox\venv\Lib\site-packages\django\template\response.py", line 90, in rendered_content
    template = self.resolve_template(self.template_name)
  File "D:\OWN PROJECTS\PETROX BUKAVU\CODEBASE\Petrox\venv\Lib\site-packages\django\template\response.py", line 72, in resolve_template
    return select_template(template, using=self.using)
  File "D:\OWN PROJECTS\PETROX BUKAVU\CODEBASE\Petrox\venv\Lib\site-packages\django\template\loader.py", line 47, in select_template
    raise TemplateDoesNotExist(", ".join(template_name_list), chain=chain)
django.template.exceptions.TemplateDoesNotExist: auth/login.html
ERROR 2026-01-17 23:15:59,990 basehttp 14360 23256 "GET /auth/login/ HTTP/1.1" 500 89115
INFO 2026-01-17 23:18:14,766 autoreload 14360 23004 D:\OWN PROJECTS\PETROX BUKAVU\CODEBASE\Petrox\apps\authentication\views.py changed, reloading.
INFO 2026-01-17 23:18:15,600 autoreload 21640 12472 Watching for file changes with StatReloader
INFO 2026-01-17 23:18:17,652 basehttp 21640 26344 "GET /auth/login/ HTTP/1.1" 200 7524
INFO 2026-01-17 23:18:33,318 basehttp 21640 26804 "POST /auth/login/ HTTP/1.1" 302 0
INFO 2026-01-17 23:18:33,498 basehttp 21640 26804 "GET /dashboard/ HTTP/1.1" 200 47146
ERROR 2026-01-17 23:18:33,999 log 21640 26804 Internal Server Error: /dashboard/api/stats/
Traceback (most recent call last):
  File "D:\OWN PROJECTS\PETROX BUKAVU\CODEBASE\Petrox\venv\Lib\site-packages\django\core\handlers\exception.py", line 55, in inner
    response = get_response(request)
  File "D:\OWN PROJECTS\PETROX BUKAVU\CODEBASE\Petrox\venv\Lib\site-packages\django\core\handlers\base.py", line 197, in _get_response
    response = wrapped_callback(request, *callback_args, **callback_kwargs)
  File "D:\OWN PROJECTS\PETROX BUKAVU\CODEBASE\Petrox\venv\Lib\site-packages\django\views\generic\base.py", line 104, in view
    return self.dispatch(request, *args, **kwargs)
           ~~~~~~~~~~~~~^^^^^^^^^^^^^^^^^^^^^^^^^^
  File "D:\OWN PROJECTS\PETROX BUKAVU\CODEBASE\Petrox\venv\Lib\site-packages\django\contrib\auth\mixins.py", line 135, in dispatch
    return super().dispatch(request, *args, **kwargs)
           ~~~~~~~~~~~~~~~~^^^^^^^^^^^^^^^^^^^^^^^^^^
  File "D:\OWN PROJECTS\PETROX BUKAVU\CODEBASE\Petrox\venv\Lib\site-packages\django\views\generic\base.py", line 143, in dispatch
    return handler(request, *args, **kwargs)
  File "D:\OWN PROJECTS\PETROX BUKAVU\CODEBASE\Petrox\apps\admin_module\views.py", line 117, in get
    quantite_actuelle__lte=models.F('seuil_alerte')
                           ^^^^^^^^
AttributeError: module 'apps.admin_module.models' has no attribute 'F'
ERROR 2026-01-17 23:18:34,004 basehttp 21640 26804 "GET /dashboard/api/stats/ HTTP/1.1" 500 91471
ERROR 2026-01-17 23:18:40,478 log 21640 26804 Internal Server Error: /dashboard/api/stats/
Traceback (most recent call last):
  File "D:\OWN PROJECTS\PETROX BUKAVU\CODEBASE\Petrox\venv\Lib\site-packages\django\core\handlers\exception.py", line 55, in inner
    response = get_response(request)
  File "D:\OWN PROJECTS\PETROX BUKAVU\CODEBASE\Petrox\venv\Lib\site-packages\django\core\handlers\base.py", line 197, in _get_response
    response = wrapped_callback(request, *callback_args, **callback_kwargs)
  File "D:\OWN PROJECTS\PETROX BUKAVU\CODEBASE\Petrox\venv\Lib\site-packages\django\views\generic\base.py", line 104, in view
    return self.dispatch(request, *args, **kwargs)
           ~~~~~~~~~~~~~^^^^^^^^^^^^^^^^^^^^^^^^^^
  File "D:\OWN PROJECTS\PETROX BUKAVU\CODEBASE\Petrox\venv\Lib\site-packages\django\contrib\auth\mixins.py", line 135, in dispatch
    return super().dispatch(request, *args, **kwargs)
           ~~~~~~~~~~~~~~~~^^^^^^^^^^^^^^^^^^^^^^^^^^
  File "D:\OWN PROJECTS\PETROX BUKAVU\CODEBASE\Petrox\venv\Lib\site-packages\django\views\generic\base.py", line 143, in dispatch
    return handler(request, *args, **kwargs)
  File "D:\OWN PROJECTS\PETROX BUKAVU\CODEBASE\Petrox\apps\admin_module\views.py", line 117, in get
    quantite_actuelle__lte=models.F('seuil_alerte')
                           ^^^^^^^^
AttributeError: module 'apps.admin_module.models' has no attribute 'F'
ERROR 2026-01-17 23:18:40,481 basehttp 21640 26804 "GET /dashboard/api/stats/ HTTP/1.1" 500 91471
ERROR 2026-01-17 23:18:40,930 log 21640 26804 Internal Server Error: /dashboard/api/stats/
Traceback (most recent call last):
  File "D:\OWN PROJECTS\PETROX BUKAVU\CODEBASE\Petrox\venv\Lib\site-packages\django\core\handlers\exception.py", line 55, in inner
    response = get_response(request)
  File "D:\OWN PROJECTS\PETROX BUKAVU\CODEBASE\Petrox\venv\Lib\site-packages\django\core\handlers\base.py", line 197, in _get_response
    response = wrapped_callback(request, *callback_args, **callback_kwargs)
  File "D:\OWN PROJECTS\PETROX BUKAVU\CODEBASE\Petrox\venv\Lib\site-packages\django\views\generic\base.py", line 104, in view
    return self.dispatch(request, *args, **kwargs)
           ~~~~~~~~~~~~~^^^^^^^^^^^^^^^^^^^^^^^^^^
  File "D:\OWN PROJECTS\PETROX BUKAVU\CODEBASE\Petrox\venv\Lib\site-packages\django\contrib\auth\mixins.py", line 135, in dispatch
    return super().dispatch(request, *args, **kwargs)
           ~~~~~~~~~~~~~~~~^^^^^^^^^^^^^^^^^^^^^^^^^^
  File "D:\OWN PROJECTS\PETROX BUKAVU\CODEBASE\Petrox\venv\Lib\site-packages\django\views\generic\base.py", line 143, in dispatch
    return handler(request, *args, **kwargs)
  File "D:\OWN PROJECTS\PETROX BUKAVU\CODEBASE\Petrox\apps\admin_module\views.py", line 117, in get
    quantite_actuelle__lte=models.F('seuil_alerte')
                           ^^^^^^^^
AttributeError: module 'apps.admin_module.models' has no attribute 'F'
ERROR 2026-01-17 23:18:40,934 basehttp 21640 26804 "GET /dashboard/api/stats/ HTTP/1.1" 500 91471
INFO 2026-01-18 00:20:03,928 autoreload 24340 2936 Watching for file changes with StatReloader
ERROR 2026-01-18 00:20:08,978 log 24340 19060 Internal Server Error: /dashboard/
Traceback (most recent call last):
  File "D:\OWN PROJECTS\PETROX BUKAVU\CODEBASE\Petrox\venv\Lib\site-packages\django\template\backends\django.py", line 61, in render
    return self.template.render(context)
           ~~~~~~~~~~~~~~~~~~~~^^^^^^^^^
  File "D:\OWN PROJECTS\PETROX BUKAVU\CODEBASE\Petrox\venv\Lib\site-packages\django\template\base.py", line 175, in render
    return self._render(context)
           ~~~~~~~~~~~~^^^^^^^^^
  File "D:\OWN PROJECTS\PETROX BUKAVU\CODEBASE\Petrox\venv\Lib\site-packages\django\template\base.py", line 167, in _render
    return self.nodelist.render(context)
           ~~~~~~~~~~~~~~~~~~~~^^^^^^^^^
  File "D:\OWN PROJECTS\PETROX BUKAVU\CODEBASE\Petrox\venv\Lib\site-packages\django\template\base.py", line 1005, in render
    return SafeString("".join([node.render_annotated(context) for node in self]))
                               ~~~~~~~~~~~~~~~~~~~~~^^^^^^^^^
  File "D:\OWN PROJECTS\PETROX BUKAVU\CODEBASE\Petrox\venv\Lib\site-packages\django\template\base.py", line 966, in render_annotated
    return self.render(context)
           ~~~~~~~~~~~^^^^^^^^^
  File "D:\OWN PROJECTS\PETROX BUKAVU\CODEBASE\Petrox\venv\Lib\site-packages\django\template\loader_tags.py", line 132, in render
    compiled_parent = self.get_parent(context)
  File "D:\OWN PROJECTS\PETROX BUKAVU\CODEBASE\Petrox\venv\Lib\site-packages\django\template\loader_tags.py", line 129, in get_parent
    return self.find_template(parent, context)
           ~~~~~~~~~~~~~~~~~~^^^^^^^^^^^^^^^^^
  File "D:\OWN PROJECTS\PETROX BUKAVU\CODEBASE\Petrox\venv\Lib\site-packages\django\template\loader_tags.py", line 107, in find_template
    template, origin = context.template.engine.find_template(
                       ~~~~~~~~~~~~~~~~~~~~~~~~~~~~~~~~~~~~~^
        template_name,
        ^^^^^^^^^^^^^^
        skip=history,
        ^^^^^^^^^^^^^
    )
    ^
  File "D:\OWN PROJECTS\PETROX BUKAVU\CODEBASE\Petrox\venv\Lib\site-packages\django\template\engine.py", line 161, in find_template
    raise TemplateDoesNotExist(name, tried=tried)
django.template.exceptions.TemplateDoesNotExist: base/base.html

The above exception was the direct cause of the following exception:

Traceback (most recent call last):
  File "D:\OWN PROJECTS\PETROX BUKAVU\CODEBASE\Petrox\venv\Lib\site-packages\django\core\handlers\exception.py", line 55, in inner
    response = get_response(request)
  File "D:\OWN PROJECTS\PETROX BUKAVU\CODEBASE\Petrox\venv\Lib\site-packages\django\core\handlers\base.py", line 220, in _get_response
    response = response.render()
  File "D:\OWN PROJECTS\PETROX BUKAVU\CODEBASE\Petrox\venv\Lib\site-packages\django\template\response.py", line 114, in render
    self.content = self.rendered_content
                   ^^^^^^^^^^^^^^^^^^^^^
  File "D:\OWN PROJECTS\PETROX BUKAVU\CODEBASE\Petrox\venv\Lib\site-packages\django\template\response.py", line 92, in rendered_content
    return template.render(context, self._request)
           ~~~~~~~~~~~~~~~^^^^^^^^^^^^^^^^^^^^^^^^
  File "D:\OWN PROJECTS\PETROX BUKAVU\CODEBASE\Petrox\venv\Lib\site-packages\django\template\backends\django.py", line 63, in render
    reraise(exc, self.backend)
    ~~~~~~~^^^^^^^^^^^^^^^^^^^
  File "D:\OWN PROJECTS\PETROX BUKAVU\CODEBASE\Petrox\venv\Lib\site-packages\django\template\backends\django.py", line 84, in reraise
    raise new from exc
django.template.exceptions.TemplateDoesNotExist: base/base.html
ERROR 2026-01-18 00:20:08,992 basehttp 24340 19060 "GET /dashboard/ HTTP/1.1" 500 132608
INFO 2026-01-18 00:20:39,573 basehttp 24340 9652 "GET /dashboard/ HTTP/1.1" 200 31143
ERROR 2026-01-18 00:20:40,224 log 24340 9652 Internal Server Error: /dashboard/api/stats/
Traceback (most recent call last):
  File "D:\OWN PROJECTS\PETROX BUKAVU\CODEBASE\Petrox\venv\Lib\site-packages\django\core\handlers\exception.py", line 55, in inner
    response = get_response(request)
  File "D:\OWN PROJECTS\PETROX BUKAVU\CODEBASE\Petrox\venv\Lib\site-packages\django\core\handlers\base.py", line 197, in _get_response
    response = wrapped_callback(request, *callback_args, **callback_kwargs)
  File "D:\OWN PROJECTS\PETROX BUKAVU\CODEBASE\Petrox\venv\Lib\site-packages\django\views\generic\base.py", line 104, in view
    return self.dispatch(request, *args, **kwargs)
           ~~~~~~~~~~~~~^^^^^^^^^^^^^^^^^^^^^^^^^^
  File "D:\OWN PROJECTS\PETROX BUKAVU\CODEBASE\Petrox\venv\Lib\site-packages\django\contrib\auth\mixins.py", line 135, in dispatch
    return super().dispatch(request, *args, **kwargs)
           ~~~~~~~~~~~~~~~~^^^^^^^^^^^^^^^^^^^^^^^^^^
  File "D:\OWN PROJECTS\PETROX BUKAVU\CODEBASE\Petrox\venv\Lib\site-packages\django\views\generic\base.py", line 143, in dispatch
    return handler(request, *args, **kwargs)
  File "D:\OWN PROJECTS\PETROX BUKAVU\CODEBASE\Petrox\apps\admin_module\views.py", line 117, in get
    quantite_actuelle__lte=models.F('seuil_alerte')
                           ^^^^^^^^
AttributeError: module 'apps.admin_module.models' has no attribute 'F'
ERROR 2026-01-18 00:20:40,230 basehttp 24340 9652 "GET /dashboard/api/stats/?period=today&currency=USD&branche_id= HTTP/1.1" 500 92445
ERROR 2026-01-18 00:21:49,204 log 24340 19368 Internal Server Error: /dashboard/api/stats/
Traceback (most recent call last):
  File "D:\OWN PROJECTS\PETROX BUKAVU\CODEBASE\Petrox\venv\Lib\site-packages\django\core\handlers\exception.py", line 55, in inner
    response = get_response(request)
  File "D:\OWN PROJECTS\PETROX BUKAVU\CODEBASE\Petrox\venv\Lib\site-packages\django\core\handlers\base.py", line 197, in _get_response
    response = wrapped_callback(request, *callback_args, **callback_kwargs)
  File "D:\OWN PROJECTS\PETROX BUKAVU\CODEBASE\Petrox\venv\Lib\site-packages\django\views\generic\base.py", line 104, in view
    return self.dispatch(request, *args, **kwargs)
           ~~~~~~~~~~~~~^^^^^^^^^^^^^^^^^^^^^^^^^^
  File "D:\OWN PROJECTS\PETROX BUKAVU\CODEBASE\Petrox\venv\Lib\site-packages\django\contrib\auth\mixins.py", line 135, in dispatch
    return super().dispatch(request, *args, **kwargs)
           ~~~~~~~~~~~~~~~~^^^^^^^^^^^^^^^^^^^^^^^^^^
  File "D:\OWN PROJECTS\PETROX BUKAVU\CODEBASE\Petrox\venv\Lib\site-packages\django\views\generic\base.py", line 143, in dispatch
    return handler(request, *args, **kwargs)
  File "D:\OWN PROJECTS\PETROX BUKAVU\CODEBASE\Petrox\apps\admin_module\views.py", line 117, in get
    quantite_actuelle__lte=models.F('seuil_alerte')
                           ^^^^^^^^
AttributeError: module 'apps.admin_module.models' has no attribute 'F'
ERROR 2026-01-18 00:21:49,208 basehttp 24340 19368 "GET /dashboard/api/stats/?period=week&currency=USD&branche_id= HTTP/1.1" 500 92434
INFO 2026-01-18 00:25:30,504 autoreload 24340 2936 D:\OWN PROJECTS\PETROX BUKAVU\CODEBASE\Petrox\apps\admin_module\views.py changed, reloading.
INFO 2026-01-18 00:25:32,062 autoreload 10108 8716 Watching for file changes with StatReloader
INFO 2026-01-18 00:26:00,646 autoreload 10108 8716 D:\OWN PROJECTS\PETROX BUKAVU\CODEBASE\Petrox\apps\admin_module\views.py changed, reloading.
INFO 2026-01-18 00:26:01,456 autoreload 4564 18568 Watching for file changes with StatReloader
INFO 2026-01-18 00:26:44,601 autoreload 4564 18568 D:\OWN PROJECTS\PETROX BUKAVU\CODEBASE\Petrox\apps\admin_module\views.py changed, reloading.
INFO 2026-01-18 00:26:45,890 autoreload 3472 21048 Watching for file changes with StatReloader
INFO 2026-01-18 00:27:15,566 autoreload 3472 21048 D:\OWN PROJECTS\PETROX BUKAVU\CODEBASE\Petrox\apps\admin_module\views.py changed, reloading.
INFO 2026-01-18 00:27:16,945 autoreload 15980 24852 Watching for file changes with StatReloader
INFO 2026-01-18 00:27:47,879 autoreload 15980 24852 D:\OWN PROJECTS\PETROX BUKAVU\CODEBASE\Petrox\apps\admin_module\views.py changed, reloading.
INFO 2026-01-18 00:27:49,146 autoreload 16420 15156 Watching for file changes with StatReloader
INFO 2026-01-18 00:28:21,921 autoreload 16420 15156 D:\OWN PROJECTS\PETROX BUKAVU\CODEBASE\Petrox\apps\admin_module\views.py changed, reloading.
INFO 2026-01-18 00:28:22,885 autoreload 10232 2140 Watching for file changes with StatReloader
INFO 2026-01-18 00:28:38,505 basehttp 10232 23836 "GET /dashboard/ HTTP/1.1" 200 31143
ERROR 2026-01-18 00:28:38,946 log 10232 23836 Internal Server Error: /dashboard/api/stats/
ERROR 2026-01-18 00:28:38,947 basehttp 10232 23836 "GET /dashboard/api/stats/?period=today&currency=USD&branche_id= HTTP/1.1" 500 330
ERROR 2026-01-18 00:29:10,947 log 10232 6752 Internal Server Error: /dashboard/api/stats/
ERROR 2026-01-18 00:29:10,947 basehttp 10232 6752 "GET /dashboard/api/stats/?period=today&currency=USD&branche_id= HTTP/1.1" 500 330
WARNING 2026-01-18 00:29:22,089 log 10232 13176 Not Found: /.well-known/appspecific/com.chrome.devtools.json
WARNING 2026-01-18 00:29:22,089 basehttp 10232 13176 "GET /.well-known/appspecific/com.chrome.devtools.json HTTP/1.1" 404 3138
INFO 2026-01-18 00:30:05,168 basehttp 10232 21880 "GET /dashboard/ HTTP/1.1" 200 30995
ERROR 2026-01-18 00:30:05,491 log 10232 21880 Internal Server Error: /dashboard/api/stats/
ERROR 2026-01-18 00:30:05,491 basehttp 10232 21880 "GET /dashboard/api/stats/?period=today&currency=USD&branche_id= HTTP/1.1" 500 330
INFO 2026-01-18 16:38:10,183 autoreload 10232 2140 D:\OWN PROJECTS\PETROX BUKAVU\CODEBASE\Petrox\apps\admin_module\views.py changed, reloading.
INFO 2026-01-18 16:38:12,850 autoreload 14492 8552 Watching for file changes with StatReloader
INFO 2026-01-18 16:38:38,501 autoreload 14492 8552 D:\OWN PROJECTS\PETROX BUKAVU\CODEBASE\Petrox\apps\admin_module\views.py changed, reloading.
INFO 2026-01-18 16:38:39,401 autoreload 26304 15156 Watching for file changes with StatReloader
INFO 2026-01-18 17:37:58,105 autoreload 27580 18292 Watching for file changes with StatReloader
INFO 2026-01-18 17:38:06,479 basehttp 27580 26540 "GET / HTTP/1.1" 302 0
ERROR 2026-01-18 17:38:08,340 log 27580 26540 Internal Server Error: /dashboard/
Traceback (most recent call last):
  File "D:\OWN PROJECTS\PETROX BUKAVU\CODEBASE\Petrox\venv\Lib\site-packages\django\template\backends\django.py", line 61, in render
    return self.template.render(context)
           ~~~~~~~~~~~~~~~~~~~~^^^^^^^^^
  File "D:\OWN PROJECTS\PETROX BUKAVU\CODEBASE\Petrox\venv\Lib\site-packages\django\template\base.py", line 175, in render
    return self._render(context)
           ~~~~~~~~~~~~^^^^^^^^^
  File "D:\OWN PROJECTS\PETROX BUKAVU\CODEBASE\Petrox\venv\Lib\site-packages\django\template\base.py", line 167, in _render
    return self.nodelist.render(context)
           ~~~~~~~~~~~~~~~~~~~~^^^^^^^^^
  File "D:\OWN PROJECTS\PETROX BUKAVU\CODEBASE\Petrox\venv\Lib\site-packages\django\template\base.py", line 1005, in render
    return SafeString("".join([node.render_annotated(context) for node in self]))
                               ~~~~~~~~~~~~~~~~~~~~~^^^^^^^^^
  File "D:\OWN PROJECTS\PETROX BUKAVU\CODEBASE\Petrox\venv\Lib\site-packages\django\template\base.py", line 966, in render_annotated
    return self.render(context)
           ~~~~~~~~~~~^^^^^^^^^
  File "D:\OWN PROJECTS\PETROX BUKAVU\CODEBASE\Petrox\venv\Lib\site-packages\django\template\loader_tags.py", line 132, in render
    compiled_parent = self.get_parent(context)
  File "D:\OWN PROJECTS\PETROX BUKAVU\CODEBASE\Petrox\venv\Lib\site-packages\django\template\loader_tags.py", line 129, in get_parent
    return self.find_template(parent, context)
           ~~~~~~~~~~~~~~~~~~^^^^^^^^^^^^^^^^^
  File "D:\OWN PROJECTS\PETROX BUKAVU\CODEBASE\Petrox\venv\Lib\site-packages\django\template\loader_tags.py", line 107, in find_template
    template, origin = context.template.engine.find_template(
                       ~~~~~~~~~~~~~~~~~~~~~~~~~~~~~~~~~~~~~^
        template_name,
        ^^^^^^^^^^^^^^
        skip=history,
        ^^^^^^^^^^^^^
    )
    ^
  File "D:\OWN PROJECTS\PETROX BUKAVU\CODEBASE\Petrox\venv\Lib\site-packages\django\template\engine.py", line 161, in find_template
    raise TemplateDoesNotExist(name, tried=tried)
django.template.exceptions.TemplateDoesNotExist: base.html

The above exception was the direct cause of the following exception:

Traceback (most recent call last):
  File "D:\OWN PROJECTS\PETROX BUKAVU\CODEBASE\Petrox\venv\Lib\site-packages\django\core\handlers\exception.py", line 55, in inner
    response = get_response(request)
  File "D:\OWN PROJECTS\PETROX BUKAVU\CODEBASE\Petrox\venv\Lib\site-packages\django\core\handlers\base.py", line 220, in _get_response
    response = response.render()
  File "D:\OWN PROJECTS\PETROX BUKAVU\CODEBASE\Petrox\venv\Lib\site-packages\django\template\response.py", line 114, in render
    self.content = self.rendered_content
                   ^^^^^^^^^^^^^^^^^^^^^
  File "D:\OWN PROJECTS\PETROX BUKAVU\CODEBASE\Petrox\venv\Lib\site-packages\django\template\response.py", line 92, in rendered_content
    return template.render(context, self._request)
           ~~~~~~~~~~~~~~~^^^^^^^^^^^^^^^^^^^^^^^^
  File "D:\OWN PROJECTS\PETROX BUKAVU\CODEBASE\Petrox\venv\Lib\site-packages\django\template\backends\django.py", line 63, in render
    reraise(exc, self.backend)
    ~~~~~~~^^^^^^^^^^^^^^^^^^^
  File "D:\OWN PROJECTS\PETROX BUKAVU\CODEBASE\Petrox\venv\Lib\site-packages\django\template\backends\django.py", line 84, in reraise
    raise new from exc
django.template.exceptions.TemplateDoesNotExist: base.html
ERROR 2026-01-18 17:38:08,361 basehttp 27580 26540 "GET /dashboard/ HTTP/1.1" 500 134779
ERROR 2026-01-18 17:38:45,979 log 27580 24528 Internal Server Error: /dashboard/
Traceback (most recent call last):
  File "D:\OWN PROJECTS\PETROX BUKAVU\CODEBASE\Petrox\venv\Lib\site-packages\django\template\backends\django.py", line 61, in render
    return self.template.render(context)
           ~~~~~~~~~~~~~~~~~~~~^^^^^^^^^
  File "D:\OWN PROJECTS\PETROX BUKAVU\CODEBASE\Petrox\venv\Lib\site-packages\django\template\base.py", line 175, in render
    return self._render(context)
           ~~~~~~~~~~~~^^^^^^^^^
  File "D:\OWN PROJECTS\PETROX BUKAVU\CODEBASE\Petrox\venv\Lib\site-packages\django\template\base.py", line 167, in _render
    return self.nodelist.render(context)
           ~~~~~~~~~~~~~~~~~~~~^^^^^^^^^
  File "D:\OWN PROJECTS\PETROX BUKAVU\CODEBASE\Petrox\venv\Lib\site-packages\django\template\base.py", line 1005, in render
    return SafeString("".join([node.render_annotated(context) for node in self]))
                               ~~~~~~~~~~~~~~~~~~~~~^^^^^^^^^
  File "D:\OWN PROJECTS\PETROX BUKAVU\CODEBASE\Petrox\venv\Lib\site-packages\django\template\base.py", line 966, in render_annotated
    return self.render(context)
           ~~~~~~~~~~~^^^^^^^^^
  File "D:\OWN PROJECTS\PETROX BUKAVU\CODEBASE\Petrox\venv\Lib\site-packages\django\template\loader_tags.py", line 132, in render
    compiled_parent = self.get_parent(context)
  File "D:\OWN PROJECTS\PETROX BUKAVU\CODEBASE\Petrox\venv\Lib\site-packages\django\template\loader_tags.py", line 129, in get_parent
    return self.find_template(parent, context)
           ~~~~~~~~~~~~~~~~~~^^^^^^^^^^^^^^^^^
  File "D:\OWN PROJECTS\PETROX BUKAVU\CODEBASE\Petrox\venv\Lib\site-packages\django\template\loader_tags.py", line 107, in find_template
    template, origin = context.template.engine.find_template(
                       ~~~~~~~~~~~~~~~~~~~~~~~~~~~~~~~~~~~~~^
        template_name,
        ^^^^^^^^^^^^^^
        skip=history,
        ^^^^^^^^^^^^^
    )
    ^
  File "D:\OWN PROJECTS\PETROX BUKAVU\CODEBASE\Petrox\venv\Lib\site-packages\django\template\engine.py", line 161, in find_template
    raise TemplateDoesNotExist(name, tried=tried)
django.template.exceptions.TemplateDoesNotExist: base.html

The above exception was the direct cause of the following exception:

Traceback (most recent call last):
  File "D:\OWN PROJECTS\PETROX BUKAVU\CODEBASE\Petrox\venv\Lib\site-packages\django\core\handlers\exception.py", line 55, in inner
    response = get_response(request)
  File "D:\OWN PROJECTS\PETROX BUKAVU\CODEBASE\Petrox\venv\Lib\site-packages\django\core\handlers\base.py", line 220, in _get_response
    response = response.render()
  File "D:\OWN PROJECTS\PETROX BUKAVU\CODEBASE\Petrox\venv\Lib\site-packages\django\template\response.py", line 114, in render
    self.content = self.rendered_content
                   ^^^^^^^^^^^^^^^^^^^^^
  File "D:\OWN PROJECTS\PETROX BUKAVU\CODEBASE\Petrox\venv\Lib\site-packages\django\template\response.py", line 92, in rendered_content
    return template.render(context, self._request)
           ~~~~~~~~~~~~~~~^^^^^^^^^^^^^^^^^^^^^^^^
  File "D:\OWN PROJECTS\PETROX BUKAVU\CODEBASE\Petrox\venv\Lib\site-packages\django\template\backends\django.py", line 63, in render
    reraise(exc, self.backend)
    ~~~~~~~^^^^^^^^^^^^^^^^^^^
  File "D:\OWN PROJECTS\PETROX BUKAVU\CODEBASE\Petrox\venv\Lib\site-packages\django\template\backends\django.py", line 84, in reraise
    raise new from exc
django.template.exceptions.TemplateDoesNotExist: base.html
ERROR 2026-01-18 17:38:45,985 basehttp 27580 24528 "GET /dashboard/ HTTP/1.1" 500 134916
ERROR 2026-01-18 17:38:58,496 log 27580 24528 Internal Server Error: /dashboard/
Traceback (most recent call last):
  File "D:\OWN PROJECTS\PETROX BUKAVU\CODEBASE\Petrox\venv\Lib\site-packages\django\template\backends\django.py", line 61, in render
    return self.template.render(context)
           ~~~~~~~~~~~~~~~~~~~~^^^^^^^^^
  File "D:\OWN PROJECTS\PETROX BUKAVU\CODEBASE\Petrox\venv\Lib\site-packages\django\template\base.py", line 175, in render
    return self._render(context)
           ~~~~~~~~~~~~^^^^^^^^^
  File "D:\OWN PROJECTS\PETROX BUKAVU\CODEBASE\Petrox\venv\Lib\site-packages\django\template\base.py", line 167, in _render
    return self.nodelist.render(context)
           ~~~~~~~~~~~~~~~~~~~~^^^^^^^^^
  File "D:\OWN PROJECTS\PETROX BUKAVU\CODEBASE\Petrox\venv\Lib\site-packages\django\template\base.py", line 1005, in render
    return SafeString("".join([node.render_annotated(context) for node in self]))
                               ~~~~~~~~~~~~~~~~~~~~~^^^^^^^^^
  File "D:\OWN PROJECTS\PETROX BUKAVU\CODEBASE\Petrox\venv\Lib\site-packages\django\template\base.py", line 966, in render_annotated
    return self.render(context)
           ~~~~~~~~~~~^^^^^^^^^
  File "D:\OWN PROJECTS\PETROX BUKAVU\CODEBASE\Petrox\venv\Lib\site-packages\django\template\loader_tags.py", line 132, in render
    compiled_parent = self.get_parent(context)
  File "D:\OWN PROJECTS\PETROX BUKAVU\CODEBASE\Petrox\venv\Lib\site-packages\django\template\loader_tags.py", line 129, in get_parent
    return self.find_template(parent, context)
           ~~~~~~~~~~~~~~~~~~^^^^^^^^^^^^^^^^^
  File "D:\OWN PROJECTS\PETROX BUKAVU\CODEBASE\Petrox\venv\Lib\site-packages\django\template\loader_tags.py", line 107, in find_template
    template, origin = context.template.engine.find_template(
                       ~~~~~~~~~~~~~~~~~~~~~~~~~~~~~~~~~~~~~^
        template_name,
        ^^^^^^^^^^^^^^
        skip=history,
        ^^^^^^^^^^^^^
    )
    ^
  File "D:\OWN PROJECTS\PETROX BUKAVU\CODEBASE\Petrox\venv\Lib\site-packages\django\template\engine.py", line 161, in find_template
    raise TemplateDoesNotExist(name, tried=tried)
django.template.exceptions.TemplateDoesNotExist: base.html

The above exception was the direct cause of the following exception:

Traceback (most recent call last):
  File "D:\OWN PROJECTS\PETROX BUKAVU\CODEBASE\Petrox\venv\Lib\site-packages\django\core\handlers\exception.py", line 55, in inner
    response = get_response(request)
  File "D:\OWN PROJECTS\PETROX BUKAVU\CODEBASE\Petrox\venv\Lib\site-packages\django\core\handlers\base.py", line 220, in _get_response
    response = response.render()
  File "D:\OWN PROJECTS\PETROX BUKAVU\CODEBASE\Petrox\venv\Lib\site-packages\django\template\response.py", line 114, in render
    self.content = self.rendered_content
                   ^^^^^^^^^^^^^^^^^^^^^
  File "D:\OWN PROJECTS\PETROX BUKAVU\CODEBASE\Petrox\venv\Lib\site-packages\django\template\response.py", line 92, in rendered_content
    return template.render(context, self._request)
           ~~~~~~~~~~~~~~~^^^^^^^^^^^^^^^^^^^^^^^^
  File "D:\OWN PROJECTS\PETROX BUKAVU\CODEBASE\Petrox\venv\Lib\site-packages\django\template\backends\django.py", line 63, in render
    reraise(exc, self.backend)
    ~~~~~~~^^^^^^^^^^^^^^^^^^^
  File "D:\OWN PROJECTS\PETROX BUKAVU\CODEBASE\Petrox\venv\Lib\site-packages\django\template\backends\django.py", line 84, in reraise
    raise new from exc
django.template.exceptions.TemplateDoesNotExist: base.html
ERROR 2026-01-18 17:38:58,502 basehttp 27580 24528 "GET /dashboard/ HTTP/1.1" 500 134916
INFO 2026-01-18 17:39:02,446 basehttp 27580 24528 "GET / HTTP/1.1" 302 0
ERROR 2026-01-18 17:39:02,578 log 27580 24528 Internal Server Error: /dashboard/
Traceback (most recent call last):
  File "D:\OWN PROJECTS\PETROX BUKAVU\CODEBASE\Petrox\venv\Lib\site-packages\django\template\backends\django.py", line 61, in render
    return self.template.render(context)
           ~~~~~~~~~~~~~~~~~~~~^^^^^^^^^
  File "D:\OWN PROJECTS\PETROX BUKAVU\CODEBASE\Petrox\venv\Lib\site-packages\django\template\base.py", line 175, in render
    return self._render(context)
           ~~~~~~~~~~~~^^^^^^^^^
  File "D:\OWN PROJECTS\PETROX BUKAVU\CODEBASE\Petrox\venv\Lib\site-packages\django\template\base.py", line 167, in _render
    return self.nodelist.render(context)
           ~~~~~~~~~~~~~~~~~~~~^^^^^^^^^
  File "D:\OWN PROJECTS\PETROX BUKAVU\CODEBASE\Petrox\venv\Lib\site-packages\django\template\base.py", line 1005, in render
    return SafeString("".join([node.render_annotated(context) for node in self]))
                               ~~~~~~~~~~~~~~~~~~~~~^^^^^^^^^
  File "D:\OWN PROJECTS\PETROX BUKAVU\CODEBASE\Petrox\venv\Lib\site-packages\django\template\base.py", line 966, in render_annotated
    return self.render(context)
           ~~~~~~~~~~~^^^^^^^^^
  File "D:\OWN PROJECTS\PETROX BUKAVU\CODEBASE\Petrox\venv\Lib\site-packages\django\template\loader_tags.py", line 132, in render
    compiled_parent = self.get_parent(context)
  File "D:\OWN PROJECTS\PETROX BUKAVU\CODEBASE\Petrox\venv\Lib\site-packages\django\template\loader_tags.py", line 129, in get_parent
    return self.find_template(parent, context)
           ~~~~~~~~~~~~~~~~~~^^^^^^^^^^^^^^^^^
  File "D:\OWN PROJECTS\PETROX BUKAVU\CODEBASE\Petrox\venv\Lib\site-packages\django\template\loader_tags.py", line 107, in find_template
    template, origin = context.template.engine.find_template(
                       ~~~~~~~~~~~~~~~~~~~~~~~~~~~~~~~~~~~~~^
        template_name,
        ^^^^^^^^^^^^^^
        skip=history,
        ^^^^^^^^^^^^^
    )
    ^
  File "D:\OWN PROJECTS\PETROX BUKAVU\CODEBASE\Petrox\venv\Lib\site-packages\django\template\engine.py", line 161, in find_template
    raise TemplateDoesNotExist(name, tried=tried)
django.template.exceptions.TemplateDoesNotExist: base.html

The above exception was the direct cause of the following exception:

Traceback (most recent call last):
  File "D:\OWN PROJECTS\PETROX BUKAVU\CODEBASE\Petrox\venv\Lib\site-packages\django\core\handlers\exception.py", line 55, in inner
    response = get_response(request)
  File "D:\OWN PROJECTS\PETROX BUKAVU\CODEBASE\Petrox\venv\Lib\site-packages\django\core\handlers\base.py", line 220, in _get_response
    response = response.render()
  File "D:\OWN PROJECTS\PETROX BUKAVU\CODEBASE\Petrox\venv\Lib\site-packages\django\template\response.py", line 114, in render
    self.content = self.rendered_content
                   ^^^^^^^^^^^^^^^^^^^^^
  File "D:\OWN PROJECTS\PETROX BUKAVU\CODEBASE\Petrox\venv\Lib\site-packages\django\template\response.py", line 92, in rendered_content
    return template.render(context, self._request)
           ~~~~~~~~~~~~~~~^^^^^^^^^^^^^^^^^^^^^^^^
  File "D:\OWN PROJECTS\PETROX BUKAVU\CODEBASE\Petrox\venv\Lib\site-packages\django\template\backends\django.py", line 63, in render
    reraise(exc, self.backend)
    ~~~~~~~^^^^^^^^^^^^^^^^^^^
  File "D:\OWN PROJECTS\PETROX BUKAVU\CODEBASE\Petrox\venv\Lib\site-packages\django\template\backends\django.py", line 84, in reraise
    raise new from exc
django.template.exceptions.TemplateDoesNotExist: base.html
ERROR 2026-01-18 17:39:02,585 basehttp 27580 24528 "GET /dashboard/ HTTP/1.1" 500 134779
ERROR 2026-01-18 17:39:53,073 log 27580 14660 Internal Server Error: /dashboard/
Traceback (most recent call last):
  File "D:\OWN PROJECTS\PETROX BUKAVU\CODEBASE\Petrox\venv\Lib\site-packages\django\core\handlers\exception.py", line 55, in inner
    response = get_response(request)
  File "D:\OWN PROJECTS\PETROX BUKAVU\CODEBASE\Petrox\venv\Lib\site-packages\django\core\handlers\base.py", line 220, in _get_response
    response = response.render()
  File "D:\OWN PROJECTS\PETROX BUKAVU\CODEBASE\Petrox\venv\Lib\site-packages\django\template\response.py", line 114, in render
    self.content = self.rendered_content
                   ^^^^^^^^^^^^^^^^^^^^^
  File "D:\OWN PROJECTS\PETROX BUKAVU\CODEBASE\Petrox\venv\Lib\site-packages\django\template\response.py", line 92, in rendered_content
    return template.render(context, self._request)
           ~~~~~~~~~~~~~~~^^^^^^^^^^^^^^^^^^^^^^^^
  File "D:\OWN PROJECTS\PETROX BUKAVU\CODEBASE\Petrox\venv\Lib\site-packages\django\template\backends\django.py", line 61, in render
    return self.template.render(context)
           ~~~~~~~~~~~~~~~~~~~~^^^^^^^^^
  File "D:\OWN PROJECTS\PETROX BUKAVU\CODEBASE\Petrox\venv\Lib\site-packages\django\template\base.py", line 175, in render
    return self._render(context)
           ~~~~~~~~~~~~^^^^^^^^^
  File "D:\OWN PROJECTS\PETROX BUKAVU\CODEBASE\Petrox\venv\Lib\site-packages\django\template\base.py", line 167, in _render
    return self.nodelist.render(context)
           ~~~~~~~~~~~~~~~~~~~~^^^^^^^^^
  File "D:\OWN PROJECTS\PETROX BUKAVU\CODEBASE\Petrox\venv\Lib\site-packages\django\template\base.py", line 1005, in render
    return SafeString("".join([node.render_annotated(context) for node in self]))
                               ~~~~~~~~~~~~~~~~~~~~~^^^^^^^^^
  File "D:\OWN PROJECTS\PETROX BUKAVU\CODEBASE\Petrox\venv\Lib\site-packages\django\template\base.py", line 966, in render_annotated
    return self.render(context)
           ~~~~~~~~~~~^^^^^^^^^
  File "D:\OWN PROJECTS\PETROX BUKAVU\CODEBASE\Petrox\venv\Lib\site-packages\django\template\loader_tags.py", line 157, in render
    return compiled_parent._render(context)
           ~~~~~~~~~~~~~~~~~~~~~~~^^^^^^^^^
  File "D:\OWN PROJECTS\PETROX BUKAVU\CODEBASE\Petrox\venv\Lib\site-packages\django\template\base.py", line 167, in _render
    return self.nodelist.render(context)
           ~~~~~~~~~~~~~~~~~~~~^^^^^^^^^
  File "D:\OWN PROJECTS\PETROX BUKAVU\CODEBASE\Petrox\venv\Lib\site-packages\django\template\base.py", line 1005, in render
    return SafeString("".join([node.render_annotated(context) for node in self]))
                               ~~~~~~~~~~~~~~~~~~~~~^^^^^^^^^
  File "D:\OWN PROJECTS\PETROX BUKAVU\CODEBASE\Petrox\venv\Lib\site-packages\django\template\base.py", line 966, in render_annotated
    return self.render(context)
           ~~~~~~~~~~~^^^^^^^^^
  File "D:\OWN PROJECTS\PETROX BUKAVU\CODEBASE\Petrox\venv\Lib\site-packages\django\template\loader_tags.py", line 63, in render
    result = block.nodelist.render(context)
  File "D:\OWN PROJECTS\PETROX BUKAVU\CODEBASE\Petrox\venv\Lib\site-packages\django\template\base.py", line 1005, in render
    return SafeString("".join([node.render_annotated(context) for node in self]))
                               ~~~~~~~~~~~~~~~~~~~~~^^^^^^^^^
  File "D:\OWN PROJECTS\PETROX BUKAVU\CODEBASE\Petrox\venv\Lib\site-packages\django\template\base.py", line 966, in render_annotated
    return self.render(context)
           ~~~~~~~~~~~^^^^^^^^^
  File "D:\OWN PROJECTS\PETROX BUKAVU\CODEBASE\Petrox\venv\Lib\site-packages\django\template\defaulttags.py", line 471, in render
    url = reverse(view_name, args=args, kwargs=kwargs, current_app=current_app)
  File "D:\OWN PROJECTS\PETROX BUKAVU\CODEBASE\Petrox\venv\Lib\site-packages\django\urls\base.py", line 88, in reverse
    return resolver._reverse_with_prefix(view, prefix, *args, **kwargs)
           ~~~~~~~~~~~~~~~~~~~~~~~~~~~~~^^^^^^^^^^^^^^^^^^^^^^^^^^^^^^^
  File "D:\OWN PROJECTS\PETROX BUKAVU\CODEBASE\Petrox\venv\Lib\site-packages\django\urls\resolvers.py", line 828, in _reverse_with_prefix
    raise NoReverseMatch(msg)
django.urls.exceptions.NoReverseMatch: Reverse for 'branches' not found. 'branches' is not a valid view function or pattern name.
ERROR 2026-01-18 17:39:53,082 basehttp 27580 14660 "GET /dashboard/ HTTP/1.1" 500 169649
INFO 2026-01-19 08:47:15,115 autoreload 15572 3228 Watching for file changes with StatReloader
INFO 2026-01-19 08:47:33,624 autoreload 15572 3228 D:\OWN PROJECTS\PETROX BUKAVU\CODEBASE\Petrox\apps\admin_module\urls.py changed, reloading.
INFO 2026-01-19 08:47:34,892 autoreload 18876 15816 Watching for file changes with StatReloader
INFO 2026-01-19 08:49:13,773 autoreload 18876 15816 D:\OWN PROJECTS\PETROX BUKAVU\CODEBASE\Petrox\apps\admin_module\urls.py changed, reloading.
INFO 2026-01-19 08:49:14,603 autoreload 26276 25172 Watching for file changes with StatReloader
INFO 2026-01-22 15:18:11,513 autoreload 28780 8016 Watching for file changes with StatReloader
INFO 2026-01-22 15:18:57,586 autoreload 28780 8016 D:\OWN PROJECTS\PETROX BUKAVU\CODEBASE\Petrox\apps\admin_module\urls.py changed, reloading.
INFO 2026-01-22 15:18:58,297 autoreload 11216 21540 Watching for file changes with StatReloader
WARNING 2026-01-22 15:19:21,732 log 11216 21604 Not Found: /result/
WARNING 2026-01-22 15:19:21,733 basehttp 11216 21604 "GET /result/?Age_%28yrs%29=25&Weight_%28Kg%29=65&Height%28Cm%29=168&BMI=23&Blood_Group=A&Pulse_rate%28bpm%29=80&RR_%28breaths%2Fmin%29=23&Hb%28g%2Fdl%29=16&Cycle%28R%2FI%29=28&Cycle_length%28days%29=5&Marraige_Status_%28Yrs%29=0&Pregnant%28Y%2FN%29=N&No_of_abortions=No&BP_Diastolic%28mmHg%29=85&RBS%28mg%2Fdl%29=8&I_beta_HCG%28mIU%2FmL%29=5&II_beta_HCG%28mIU%2FmL%29=5&FSH%28mIU%2FmL%29=5&LH%28mIU%2FmL%29=5&FSH%2FLH=5&Hip%28inch%29=60&Waist%28inch%29=60&Waist_Hip_Ratio=0.87&Endometrium%28mm%29=6&TSH%28mIU%2FL%29=6&PRL%28ng%2FmL%29=7&Vit_D3%28ng%2FmL%29=7&PRG%28ng%2FmL%29=6&Weight_gain%28Y%2FN%29=Y&hair_growth%28Y%2FN%29=N&Reg_Exercise%28Y%2FN%29=Y&Skin_darkening%28Y%2FN%29=N&Hair_loss%28Y%2FN%29=N HTTP/1.1" 404 3835
INFO 2026-01-22 15:19:33,141 basehttp 11216 19944 "GET / HTTP/1.1" 302 0
INFO 2026-01-22 15:19:33,460 basehttp 11216 19944 "GET /auth/login/ HTTP/1.1" 200 7210
INFO 2026-01-22 15:19:44,082 basehttp 11216 22620 "POST /auth/login/ HTTP/1.1" 302 0
INFO 2026-01-22 15:19:44,507 basehttp 11216 22620 "GET /dashboard/ HTTP/1.1" 200 51922
INFO 2026-01-22 15:19:45,163 basehttp 11216 22620 "GET /dashboard/api/stats/?branche_id=all&period=month&devise=USD HTTP/1.1" 200 763
INFO 2026-01-22 15:19:55,112 basehttp 11216 23708 "GET /dashboard/api/stats/?branche_id=all&period=month&devise=USD HTTP/1.1" 200 763
INFO 2026-01-22 15:19:58,042 basehttp 11216 23708 "GET /dashboard/api/stats/?branche_id=all&period=month&devise=FC HTTP/1.1" 200 762
INFO 2026-01-22 15:20:02,471 basehttp 11216 23708 "GET /dashboard/api/stats/?branche_id=all&period=month&devise=USD HTTP/1.1" 200 763
INFO 2026-01-22 15:20:08,414 basehttp 11216 14952 "GET /dashboard/api/stats/?branche_id=all&period=month&devise=FC HTTP/1.1" 200 762
INFO 2026-01-22 15:20:15,383 basehttp 11216 6424 "GET /dashboard/api/stats/?branche_id=all&period=month&devise=USD HTTP/1.1" 200 763
INFO 2026-01-22 15:20:20,407 basehttp 11216 6424 "GET /dashboard/api/stats/?branche_id=all&period=week&devise=USD HTTP/1.1" 200 496
INFO 2026-01-22 15:20:22,351 basehttp 11216 6424 "GET /dashboard/api/stats/?branche_id=all&period=today&devise=USD HTTP/1.1" 200 611
INFO 2026-01-22 15:20:25,148 basehttp 11216 13196 "GET /dashboard/api/stats/?branche_id=all&period=today&devise=FC HTTP/1.1" 200 610
INFO 2026-01-22 15:20:27,654 basehttp 11216 13196 "GET /dashboard/api/stats/?branche_id=all&period=today&devise=USD HTTP/1.1" 200 611
INFO 2026-01-22 15:20:32,548 basehttp 11216 22584 "GET /dashboard/api/stats/?branche_id=all&period=today&devise=FC HTTP/1.1" 200 610
INFO 2026-01-22 15:20:34,683 basehttp 11216 29208 "GET /dashboard/api/stats/?branche_id=all&period=today&devise=FC HTTP/1.1" 200 610
ERROR 2026-01-22 15:20:51,735 log 11216 28536 Internal Server Error: /dashboard/branches/
Traceback (most recent call last):
  File "D:\OWN PROJECTS\PETROX BUKAVU\CODEBASE\Petrox\venv\Lib\site-packages\django\template\backends\django.py", line 61, in render
    return self.template.render(context)
           ~~~~~~~~~~~~~~~~~~~~^^^^^^^^^
  File "D:\OWN PROJECTS\PETROX BUKAVU\CODEBASE\Petrox\venv\Lib\site-packages\django\template\base.py", line 175, in render
    return self._render(context)
           ~~~~~~~~~~~~^^^^^^^^^
  File "D:\OWN PROJECTS\PETROX BUKAVU\CODEBASE\Petrox\venv\Lib\site-packages\django\template\base.py", line 167, in _render
    return self.nodelist.render(context)
           ~~~~~~~~~~~~~~~~~~~~^^^^^^^^^
  File "D:\OWN PROJECTS\PETROX BUKAVU\CODEBASE\Petrox\venv\Lib\site-packages\django\template\base.py", line 1005, in render
    return SafeString("".join([node.render_annotated(context) for node in self]))
                               ~~~~~~~~~~~~~~~~~~~~~^^^^^^^^^
  File "D:\OWN PROJECTS\PETROX BUKAVU\CODEBASE\Petrox\venv\Lib\site-packages\django\template\base.py", line 966, in render_annotated
    return self.render(context)
           ~~~~~~~~~~~^^^^^^^^^
  File "D:\OWN PROJECTS\PETROX BUKAVU\CODEBASE\Petrox\venv\Lib\site-packages\django\template\loader_tags.py", line 132, in render
    compiled_parent = self.get_parent(context)
  File "D:\OWN PROJECTS\PETROX BUKAVU\CODEBASE\Petrox\venv\Lib\site-packages\django\template\loader_tags.py", line 129, in get_parent
    return self.find_template(parent, context)
           ~~~~~~~~~~~~~~~~~~^^^^^^^^^^^^^^^^^
  File "D:\OWN PROJECTS\PETROX BUKAVU\CODEBASE\Petrox\venv\Lib\site-packages\django\template\loader_tags.py", line 107, in find_template
    template, origin = context.template.engine.find_template(
                       ~~~~~~~~~~~~~~~~~~~~~~~~~~~~~~~~~~~~~^
        template_name,
        ^^^^^^^^^^^^^^
        skip=history,
        ^^^^^^^^^^^^^
    )
    ^
  File "D:\OWN PROJECTS\PETROX BUKAVU\CODEBASE\Petrox\venv\Lib\site-packages\django\template\engine.py", line 161, in find_template
    raise TemplateDoesNotExist(name, tried=tried)
django.template.exceptions.TemplateDoesNotExist: base.html

The above exception was the direct cause of the following exception:

Traceback (most recent call last):
  File "D:\OWN PROJECTS\PETROX BUKAVU\CODEBASE\Petrox\venv\Lib\site-packages\django\core\handlers\exception.py", line 55, in inner
    response = get_response(request)
  File "D:\OWN PROJECTS\PETROX BUKAVU\CODEBASE\Petrox\venv\Lib\site-packages\django\core\handlers\base.py", line 220, in _get_response
    response = response.render()
  File "D:\OWN PROJECTS\PETROX BUKAVU\CODEBASE\Petrox\venv\Lib\site-packages\django\template\response.py", line 114, in render
    self.content = self.rendered_content
                   ^^^^^^^^^^^^^^^^^^^^^
  File "D:\OWN PROJECTS\PETROX BUKAVU\CODEBASE\Petrox\venv\Lib\site-packages\django\template\response.py", line 92, in rendered_content
    return template.render(context, self._request)
           ~~~~~~~~~~~~~~~^^^^^^^^^^^^^^^^^^^^^^^^
  File "D:\OWN PROJECTS\PETROX BUKAVU\CODEBASE\Petrox\venv\Lib\site-packages\django\template\backends\django.py", line 63, in render
    reraise(exc, self.backend)
    ~~~~~~~^^^^^^^^^^^^^^^^^^^
  File "D:\OWN PROJECTS\PETROX BUKAVU\CODEBASE\Petrox\venv\Lib\site-packages\django\template\backends\django.py", line 84, in reraise
    raise new from exc
django.template.exceptions.TemplateDoesNotExist: base.html
ERROR 2026-01-22 15:20:51,745 basehttp 11216 28536 "GET /dashboard/branches/ HTTP/1.1" 500 137761
INFO 2026-01-22 15:21:23,690 basehttp 11216 15920 "GET /dashboard/branches/ HTTP/1.1" 200 42359
ERROR 2026-01-22 15:22:04,407 log 11216 9924 Internal Server Error: /dashboard/carburants/
Traceback (most recent call last):
  File "D:\OWN PROJECTS\PETROX BUKAVU\CODEBASE\Petrox\venv\Lib\site-packages\django\template\backends\django.py", line 61, in render
    return self.template.render(context)
           ~~~~~~~~~~~~~~~~~~~~^^^^^^^^^
  File "D:\OWN PROJECTS\PETROX BUKAVU\CODEBASE\Petrox\venv\Lib\site-packages\django\template\base.py", line 175, in render
    return self._render(context)
           ~~~~~~~~~~~~^^^^^^^^^
  File "D:\OWN PROJECTS\PETROX BUKAVU\CODEBASE\Petrox\venv\Lib\site-packages\django\template\base.py", line 167, in _render
    return self.nodelist.render(context)
           ~~~~~~~~~~~~~~~~~~~~^^^^^^^^^
  File "D:\OWN PROJECTS\PETROX BUKAVU\CODEBASE\Petrox\venv\Lib\site-packages\django\template\base.py", line 1005, in render
    return SafeString("".join([node.render_annotated(context) for node in self]))
                               ~~~~~~~~~~~~~~~~~~~~~^^^^^^^^^
  File "D:\OWN PROJECTS\PETROX BUKAVU\CODEBASE\Petrox\venv\Lib\site-packages\django\template\base.py", line 966, in render_annotated
    return self.render(context)
           ~~~~~~~~~~~^^^^^^^^^
  File "D:\OWN PROJECTS\PETROX BUKAVU\CODEBASE\Petrox\venv\Lib\site-packages\django\template\loader_tags.py", line 132, in render
    compiled_parent = self.get_parent(context)
  File "D:\OWN PROJECTS\PETROX BUKAVU\CODEBASE\Petrox\venv\Lib\site-packages\django\template\loader_tags.py", line 129, in get_parent
    return self.find_template(parent, context)
           ~~~~~~~~~~~~~~~~~~^^^^^^^^^^^^^^^^^
  File "D:\OWN PROJECTS\PETROX BUKAVU\CODEBASE\Petrox\venv\Lib\site-packages\django\template\loader_tags.py", line 107, in find_template
    template, origin = context.template.engine.find_template(
                       ~~~~~~~~~~~~~~~~~~~~~~~~~~~~~~~~~~~~~^
        template_name,
        ^^^^^^^^^^^^^^
        skip=history,
        ^^^^^^^^^^^^^
    )
    ^
  File "D:\OWN PROJECTS\PETROX BUKAVU\CODEBASE\Petrox\venv\Lib\site-packages\django\template\engine.py", line 161, in find_template
    raise TemplateDoesNotExist(name, tried=tried)
django.template.exceptions.TemplateDoesNotExist: base.html

The above exception was the direct cause of the following exception:

Traceback (most recent call last):
  File "D:\OWN PROJECTS\PETROX BUKAVU\CODEBASE\Petrox\venv\Lib\site-packages\django\core\handlers\exception.py", line 55, in inner
    response = get_response(request)
  File "D:\OWN PROJECTS\PETROX BUKAVU\CODEBASE\Petrox\venv\Lib\site-packages\django\core\handlers\base.py", line 220, in _get_response
    response = response.render()
  File "D:\OWN PROJECTS\PETROX BUKAVU\CODEBASE\Petrox\venv\Lib\site-packages\django\template\response.py", line 114, in render
    self.content = self.rendered_content
                   ^^^^^^^^^^^^^^^^^^^^^
  File "D:\OWN PROJECTS\PETROX BUKAVU\CODEBASE\Petrox\venv\Lib\site-packages\django\template\response.py", line 92, in rendered_content
    return template.render(context, self._request)
           ~~~~~~~~~~~~~~~^^^^^^^^^^^^^^^^^^^^^^^^
  File "D:\OWN PROJECTS\PETROX BUKAVU\CODEBASE\Petrox\venv\Lib\site-packages\django\template\backends\django.py", line 63, in render
    reraise(exc, self.backend)
    ~~~~~~~^^^^^^^^^^^^^^^^^^^
  File "D:\OWN PROJECTS\PETROX BUKAVU\CODEBASE\Petrox\venv\Lib\site-packages\django\template\backends\django.py", line 84, in reraise
    raise new from exc
django.template.exceptions.TemplateDoesNotExist: base.html
ERROR 2026-01-22 15:22:04,415 basehttp 11216 9924 "GET /dashboard/carburants/ HTTP/1.1" 500 138729
ERROR 2026-01-22 15:22:09,081 log 11216 9924 Internal Server Error: /dashboard/ventes/
Traceback (most recent call last):
  File "D:\OWN PROJECTS\PETROX BUKAVU\CODEBASE\Petrox\venv\Lib\site-packages\django\template\backends\django.py", line 61, in render
    return self.template.render(context)
           ~~~~~~~~~~~~~~~~~~~~^^^^^^^^^
  File "D:\OWN PROJECTS\PETROX BUKAVU\CODEBASE\Petrox\venv\Lib\site-packages\django\template\base.py", line 175, in render
    return self._render(context)
           ~~~~~~~~~~~~^^^^^^^^^
  File "D:\OWN PROJECTS\PETROX BUKAVU\CODEBASE\Petrox\venv\Lib\site-packages\django\template\base.py", line 167, in _render
    return self.nodelist.render(context)
           ~~~~~~~~~~~~~~~~~~~~^^^^^^^^^
  File "D:\OWN PROJECTS\PETROX BUKAVU\CODEBASE\Petrox\venv\Lib\site-packages\django\template\base.py", line 1005, in render
    return SafeString("".join([node.render_annotated(context) for node in self]))
                               ~~~~~~~~~~~~~~~~~~~~~^^^^^^^^^
  File "D:\OWN PROJECTS\PETROX BUKAVU\CODEBASE\Petrox\venv\Lib\site-packages\django\template\base.py", line 966, in render_annotated
    return self.render(context)
           ~~~~~~~~~~~^^^^^^^^^
  File "D:\OWN PROJECTS\PETROX BUKAVU\CODEBASE\Petrox\venv\Lib\site-packages\django\template\loader_tags.py", line 132, in render
    compiled_parent = self.get_parent(context)
  File "D:\OWN PROJECTS\PETROX BUKAVU\CODEBASE\Petrox\venv\Lib\site-packages\django\template\loader_tags.py", line 129, in get_parent
    return self.find_template(parent, context)
           ~~~~~~~~~~~~~~~~~~^^^^^^^^^^^^^^^^^
  File "D:\OWN PROJECTS\PETROX BUKAVU\CODEBASE\Petrox\venv\Lib\site-packages\django\template\loader_tags.py", line 107, in find_template
    template, origin = context.template.engine.find_template(
                       ~~~~~~~~~~~~~~~~~~~~~~~~~~~~~~~~~~~~~^
        template_name,
        ^^^^^^^^^^^^^^
        skip=history,
        ^^^^^^^^^^^^^
    )
    ^
  File "D:\OWN PROJECTS\PETROX BUKAVU\CODEBASE\Petrox\venv\Lib\site-packages\django\template\engine.py", line 161, in find_template
    raise TemplateDoesNotExist(name, tried=tried)
django.template.exceptions.TemplateDoesNotExist: base.html

The above exception was the direct cause of the following exception:

Traceback (most recent call last):
  File "D:\OWN PROJECTS\PETROX BUKAVU\CODEBASE\Petrox\venv\Lib\site-packages\django\core\handlers\exception.py", line 55, in inner
    response = get_response(request)
  File "D:\OWN PROJECTS\PETROX BUKAVU\CODEBASE\Petrox\venv\Lib\site-packages\django\core\handlers\base.py", line 220, in _get_response
    response = response.render()
  File "D:\OWN PROJECTS\PETROX BUKAVU\CODEBASE\Petrox\venv\Lib\site-packages\django\template\response.py", line 114, in render
    self.content = self.rendered_content
                   ^^^^^^^^^^^^^^^^^^^^^
  File "D:\OWN PROJECTS\PETROX BUKAVU\CODEBASE\Petrox\venv\Lib\site-packages\django\template\response.py", line 92, in rendered_content
    return template.render(context, self._request)
           ~~~~~~~~~~~~~~~^^^^^^^^^^^^^^^^^^^^^^^^
  File "D:\OWN PROJECTS\PETROX BUKAVU\CODEBASE\Petrox\venv\Lib\site-packages\django\template\backends\django.py", line 63, in render
    reraise(exc, self.backend)
    ~~~~~~~^^^^^^^^^^^^^^^^^^^
  File "D:\OWN PROJECTS\PETROX BUKAVU\CODEBASE\Petrox\venv\Lib\site-packages\django\template\backends\django.py", line 84, in reraise
    raise new from exc
django.template.exceptions.TemplateDoesNotExist: base.html
ERROR 2026-01-22 15:22:09,087 basehttp 11216 9924 "GET /dashboard/ventes/ HTTP/1.1" 500 143365
INFO 2026-01-22 15:22:24,393 basehttp 11216 11012 "GET /dashboard/ventes/ HTTP/1.1" 200 35816
INFO 2026-01-22 15:22:37,686 basehttp 11216 11012 "GET /dashboard/ventes/ HTTP/1.1" 200 35816
INFO 2026-01-22 15:22:43,818 basehttp 11216 11012 "GET /dashboard/branches/ HTTP/1.1" 200 42359
ERROR 2026-01-22 15:22:50,441 log 11216 8868 Internal Server Error: /dashboard/depenses/
Traceback (most recent call last):
  File "D:\OWN PROJECTS\PETROX BUKAVU\CODEBASE\Petrox\venv\Lib\site-packages\django\template\backends\django.py", line 61, in render
    return self.template.render(context)
           ~~~~~~~~~~~~~~~~~~~~^^^^^^^^^
  File "D:\OWN PROJECTS\PETROX BUKAVU\CODEBASE\Petrox\venv\Lib\site-packages\django\template\base.py", line 175, in render
    return self._render(context)
           ~~~~~~~~~~~~^^^^^^^^^
  File "D:\OWN PROJECTS\PETROX BUKAVU\CODEBASE\Petrox\venv\Lib\site-packages\django\template\base.py", line 167, in _render
    return self.nodelist.render(context)
           ~~~~~~~~~~~~~~~~~~~~^^^^^^^^^
  File "D:\OWN PROJECTS\PETROX BUKAVU\CODEBASE\Petrox\venv\Lib\site-packages\django\template\base.py", line 1005, in render
    return SafeString("".join([node.render_annotated(context) for node in self]))
                               ~~~~~~~~~~~~~~~~~~~~~^^^^^^^^^
  File "D:\OWN PROJECTS\PETROX BUKAVU\CODEBASE\Petrox\venv\Lib\site-packages\django\template\base.py", line 966, in render_annotated
    return self.render(context)
           ~~~~~~~~~~~^^^^^^^^^
  File "D:\OWN PROJECTS\PETROX BUKAVU\CODEBASE\Petrox\venv\Lib\site-packages\django\template\loader_tags.py", line 132, in render
    compiled_parent = self.get_parent(context)
  File "D:\OWN PROJECTS\PETROX BUKAVU\CODEBASE\Petrox\venv\Lib\site-packages\django\template\loader_tags.py", line 129, in get_parent
    return self.find_template(parent, context)
           ~~~~~~~~~~~~~~~~~~^^^^^^^^^^^^^^^^^
  File "D:\OWN PROJECTS\PETROX BUKAVU\CODEBASE\Petrox\venv\Lib\site-packages\django\template\loader_tags.py", line 107, in find_template
    template, origin = context.template.engine.find_template(
                       ~~~~~~~~~~~~~~~~~~~~~~~~~~~~~~~~~~~~~^
        template_name,
        ^^^^^^^^^^^^^^
        skip=history,
        ^^^^^^^^^^^^^
    )
    ^
  File "D:\OWN PROJECTS\PETROX BUKAVU\CODEBASE\Petrox\venv\Lib\site-packages\django\template\engine.py", line 161, in find_template
    raise TemplateDoesNotExist(name, tried=tried)
django.template.exceptions.TemplateDoesNotExist: base.html

The above exception was the direct cause of the following exception:

Traceback (most recent call last):
  File "D:\OWN PROJECTS\PETROX BUKAVU\CODEBASE\Petrox\venv\Lib\site-packages\django\core\handlers\exception.py", line 55, in inner
    response = get_response(request)
  File "D:\OWN PROJECTS\PETROX BUKAVU\CODEBASE\Petrox\venv\Lib\site-packages\django\core\handlers\base.py", line 220, in _get_response
    response = response.render()
  File "D:\OWN PROJECTS\PETROX BUKAVU\CODEBASE\Petrox\venv\Lib\site-packages\django\template\response.py", line 114, in render
    self.content = self.rendered_content
                   ^^^^^^^^^^^^^^^^^^^^^
  File "D:\OWN PROJECTS\PETROX BUKAVU\CODEBASE\Petrox\venv\Lib\site-packages\django\template\response.py", line 92, in rendered_content
    return template.render(context, self._request)
           ~~~~~~~~~~~~~~~^^^^^^^^^^^^^^^^^^^^^^^^
  File "D:\OWN PROJECTS\PETROX BUKAVU\CODEBASE\Petrox\venv\Lib\site-packages\django\template\backends\django.py", line 63, in render
    reraise(exc, self.backend)
    ~~~~~~~^^^^^^^^^^^^^^^^^^^
  File "D:\OWN PROJECTS\PETROX BUKAVU\CODEBASE\Petrox\venv\Lib\site-packages\django\template\backends\django.py", line 84, in reraise
    raise new from exc
django.template.exceptions.TemplateDoesNotExist: base.html
ERROR 2026-01-22 15:22:50,449 basehttp 11216 8868 "GET /dashboard/depenses/ HTTP/1.1" 500 139146
INFO 2026-01-22 15:23:09,950 basehttp 11216 22228 "GET /dashboard/depenses/ HTTP/1.1" 200 42160
ERROR 2026-01-22 15:23:21,364 log 11216 12616 Internal Server Error: /dashboard/carburants/
Traceback (most recent call last):
  File "D:\OWN PROJECTS\PETROX BUKAVU\CODEBASE\Petrox\venv\Lib\site-packages\django\template\backends\django.py", line 61, in render
    return self.template.render(context)
           ~~~~~~~~~~~~~~~~~~~~^^^^^^^^^
  File "D:\OWN PROJECTS\PETROX BUKAVU\CODEBASE\Petrox\venv\Lib\site-packages\django\template\base.py", line 175, in render
    return self._render(context)
           ~~~~~~~~~~~~^^^^^^^^^
  File "D:\OWN PROJECTS\PETROX BUKAVU\CODEBASE\Petrox\venv\Lib\site-packages\django\template\base.py", line 167, in _render
    return self.nodelist.render(context)
           ~~~~~~~~~~~~~~~~~~~~^^^^^^^^^
  File "D:\OWN PROJECTS\PETROX BUKAVU\CODEBASE\Petrox\venv\Lib\site-packages\django\template\base.py", line 1005, in render
    return SafeString("".join([node.render_annotated(context) for node in self]))
                               ~~~~~~~~~~~~~~~~~~~~~^^^^^^^^^
  File "D:\OWN PROJECTS\PETROX BUKAVU\CODEBASE\Petrox\venv\Lib\site-packages\django\template\base.py", line 966, in render_annotated
    return self.render(context)
           ~~~~~~~~~~~^^^^^^^^^
  File "D:\OWN PROJECTS\PETROX BUKAVU\CODEBASE\Petrox\venv\Lib\site-packages\django\template\loader_tags.py", line 132, in render
    compiled_parent = self.get_parent(context)
  File "D:\OWN PROJECTS\PETROX BUKAVU\CODEBASE\Petrox\venv\Lib\site-packages\django\template\loader_tags.py", line 129, in get_parent
    return self.find_template(parent, context)
           ~~~~~~~~~~~~~~~~~~^^^^^^^^^^^^^^^^^
  File "D:\OWN PROJECTS\PETROX BUKAVU\CODEBASE\Petrox\venv\Lib\site-packages\django\template\loader_tags.py", line 107, in find_template
    template, origin = context.template.engine.find_template(
                       ~~~~~~~~~~~~~~~~~~~~~~~~~~~~~~~~~~~~~^
        template_name,
        ^^^^^^^^^^^^^^
        skip=history,
        ^^^^^^^^^^^^^
    )
    ^
  File "D:\OWN PROJECTS\PETROX BUKAVU\CODEBASE\Petrox\venv\Lib\site-packages\django\template\engine.py", line 161, in find_template
    raise TemplateDoesNotExist(name, tried=tried)
django.template.exceptions.TemplateDoesNotExist: base.html

The above exception was the direct cause of the following exception:

Traceback (most recent call last):
  File "D:\OWN PROJECTS\PETROX BUKAVU\CODEBASE\Petrox\venv\Lib\site-packages\django\core\handlers\exception.py", line 55, in inner
    response = get_response(request)
  File "D:\OWN PROJECTS\PETROX BUKAVU\CODEBASE\Petrox\venv\Lib\site-packages\django\core\handlers\base.py", line 220, in _get_response
    response = response.render()
  File "D:\OWN PROJECTS\PETROX BUKAVU\CODEBASE\Petrox\venv\Lib\site-packages\django\template\response.py", line 114, in render
    self.content = self.rendered_content
                   ^^^^^^^^^^^^^^^^^^^^^
  File "D:\OWN PROJECTS\PETROX BUKAVU\CODEBASE\Petrox\venv\Lib\site-packages\django\template\response.py", line 92, in rendered_content
    return template.render(context, self._request)
           ~~~~~~~~~~~~~~~^^^^^^^^^^^^^^^^^^^^^^^^
  File "D:\OWN PROJECTS\PETROX BUKAVU\CODEBASE\Petrox\venv\Lib\site-packages\django\template\backends\django.py", line 63, in render
    reraise(exc, self.backend)
    ~~~~~~~^^^^^^^^^^^^^^^^^^^
  File "D:\OWN PROJECTS\PETROX BUKAVU\CODEBASE\Petrox\venv\Lib\site-packages\django\template\backends\django.py", line 84, in reraise
    raise new from exc
django.template.exceptions.TemplateDoesNotExist: base.html
ERROR 2026-01-22 15:23:21,370 basehttp 11216 12616 "GET /dashboard/carburants/ HTTP/1.1" 500 138729
INFO 2026-01-22 15:23:33,266 basehttp 11216 28900 "GET /dashboard/carburants/ HTTP/1.1" 200 36919
ERROR 2026-01-22 15:25:17,820 log 11216 20728 Internal Server Error: /dashboard/abonnes/
Traceback (most recent call last):
  File "D:\OWN PROJECTS\PETROX BUKAVU\CODEBASE\Petrox\venv\Lib\site-packages\django\template\backends\django.py", line 61, in render
    return self.template.render(context)
           ~~~~~~~~~~~~~~~~~~~~^^^^^^^^^
  File "D:\OWN PROJECTS\PETROX BUKAVU\CODEBASE\Petrox\venv\Lib\site-packages\django\template\base.py", line 175, in render
    return self._render(context)
           ~~~~~~~~~~~~^^^^^^^^^
  File "D:\OWN PROJECTS\PETROX BUKAVU\CODEBASE\Petrox\venv\Lib\site-packages\django\template\base.py", line 167, in _render
    return self.nodelist.render(context)
           ~~~~~~~~~~~~~~~~~~~~^^^^^^^^^
  File "D:\OWN PROJECTS\PETROX BUKAVU\CODEBASE\Petrox\venv\Lib\site-packages\django\template\base.py", line 1005, in render
    return SafeString("".join([node.render_annotated(context) for node in self]))
                               ~~~~~~~~~~~~~~~~~~~~~^^^^^^^^^
  File "D:\OWN PROJECTS\PETROX BUKAVU\CODEBASE\Petrox\venv\Lib\site-packages\django\template\base.py", line 966, in render_annotated
    return self.render(context)
           ~~~~~~~~~~~^^^^^^^^^
  File "D:\OWN PROJECTS\PETROX BUKAVU\CODEBASE\Petrox\venv\Lib\site-packages\django\template\loader_tags.py", line 132, in render
    compiled_parent = self.get_parent(context)
  File "D:\OWN PROJECTS\PETROX BUKAVU\CODEBASE\Petrox\venv\Lib\site-packages\django\template\loader_tags.py", line 129, in get_parent
    return self.find_template(parent, context)
           ~~~~~~~~~~~~~~~~~~^^^^^^^^^^^^^^^^^
  File "D:\OWN PROJECTS\PETROX BUKAVU\CODEBASE\Petrox\venv\Lib\site-packages\django\template\loader_tags.py", line 107, in find_template
    template, origin = context.template.engine.find_template(
                       ~~~~~~~~~~~~~~~~~~~~~~~~~~~~~~~~~~~~~^
        template_name,
        ^^^^^^^^^^^^^^
        skip=history,
        ^^^^^^^^^^^^^
    )
    ^
  File "D:\OWN PROJECTS\PETROX BUKAVU\CODEBASE\Petrox\venv\Lib\site-packages\django\template\engine.py", line 161, in find_template
    raise TemplateDoesNotExist(name, tried=tried)
django.template.exceptions.TemplateDoesNotExist: base.html

The above exception was the direct cause of the following exception:

Traceback (most recent call last):
  File "D:\OWN PROJECTS\PETROX BUKAVU\CODEBASE\Petrox\venv\Lib\site-packages\django\core\handlers\exception.py", line 55, in inner
    response = get_response(request)
  File "D:\OWN PROJECTS\PETROX BUKAVU\CODEBASE\Petrox\venv\Lib\site-packages\django\core\handlers\base.py", line 220, in _get_response
    response = response.render()
  File "D:\OWN PROJECTS\PETROX BUKAVU\CODEBASE\Petrox\venv\Lib\site-packages\django\template\response.py", line 114, in render
    self.content = self.rendered_content
                   ^^^^^^^^^^^^^^^^^^^^^
  File "D:\OWN PROJECTS\PETROX BUKAVU\CODEBASE\Petrox\venv\Lib\site-packages\django\template\response.py", line 92, in rendered_content
    return template.render(context, self._request)
           ~~~~~~~~~~~~~~~^^^^^^^^^^^^^^^^^^^^^^^^
  File "D:\OWN PROJECTS\PETROX BUKAVU\CODEBASE\Petrox\venv\Lib\site-packages\django\template\backends\django.py", line 63, in render
    reraise(exc, self.backend)
    ~~~~~~~^^^^^^^^^^^^^^^^^^^
  File "D:\OWN PROJECTS\PETROX BUKAVU\CODEBASE\Petrox\venv\Lib\site-packages\django\template\backends\django.py", line 84, in reraise
    raise new from exc
django.template.exceptions.TemplateDoesNotExist: base.html
ERROR 2026-01-22 15:25:17,827 basehttp 11216 20728 "GET /dashboard/abonnes/ HTTP/1.1" 500 139131
INFO 2026-01-22 15:25:33,137 basehttp 11216 14024 "GET /dashboard/abonnes/ HTTP/1.1" 200 32947
INFO 2026-01-22 15:25:57,305 basehttp 11216 27852 "GET /dashboard/depenses/ HTTP/1.1" 200 42160
INFO 2026-01-22 15:25:58,529 basehttp 11216 27852 "GET /dashboard/carburants/ HTTP/1.1" 200 36919
INFO 2026-01-22 15:25:59,695 basehttp 11216 24572 "GET /dashboard/ventes/ HTTP/1.1" 200 35816
ERROR 2026-01-22 15:26:01,388 log 11216 24572 Internal Server Error: /dashboard/utilisateurs/
Traceback (most recent call last):
  File "D:\OWN PROJECTS\PETROX BUKAVU\CODEBASE\Petrox\venv\Lib\site-packages\django\template\backends\django.py", line 61, in render
    return self.template.render(context)
           ~~~~~~~~~~~~~~~~~~~~^^^^^^^^^
  File "D:\OWN PROJECTS\PETROX BUKAVU\CODEBASE\Petrox\venv\Lib\site-packages\django\template\base.py", line 175, in render
    return self._render(context)
           ~~~~~~~~~~~~^^^^^^^^^
  File "D:\OWN PROJECTS\PETROX BUKAVU\CODEBASE\Petrox\venv\Lib\site-packages\django\template\base.py", line 167, in _render
    return self.nodelist.render(context)
           ~~~~~~~~~~~~~~~~~~~~^^^^^^^^^
  File "D:\OWN PROJECTS\PETROX BUKAVU\CODEBASE\Petrox\venv\Lib\site-packages\django\template\base.py", line 1005, in render
    return SafeString("".join([node.render_annotated(context) for node in self]))
                               ~~~~~~~~~~~~~~~~~~~~~^^^^^^^^^
  File "D:\OWN PROJECTS\PETROX BUKAVU\CODEBASE\Petrox\venv\Lib\site-packages\django\template\base.py", line 966, in render_annotated
    return self.render(context)
           ~~~~~~~~~~~^^^^^^^^^
  File "D:\OWN PROJECTS\PETROX BUKAVU\CODEBASE\Petrox\venv\Lib\site-packages\django\template\loader_tags.py", line 132, in render
    compiled_parent = self.get_parent(context)
  File "D:\OWN PROJECTS\PETROX BUKAVU\CODEBASE\Petrox\venv\Lib\site-packages\django\template\loader_tags.py", line 129, in get_parent
    return self.find_template(parent, context)
           ~~~~~~~~~~~~~~~~~~^^^^^^^^^^^^^^^^^
  File "D:\OWN PROJECTS\PETROX BUKAVU\CODEBASE\Petrox\venv\Lib\site-packages\django\template\loader_tags.py", line 107, in find_template
    template, origin = context.template.engine.find_template(
                       ~~~~~~~~~~~~~~~~~~~~~~~~~~~~~~~~~~~~~^
        template_name,
        ^^^^^^^^^^^^^^
        skip=history,
        ^^^^^^^^^^^^^
    )
    ^
  File "D:\OWN PROJECTS\PETROX BUKAVU\CODEBASE\Petrox\venv\Lib\site-packages\django\template\engine.py", line 161, in find_template
    raise TemplateDoesNotExist(name, tried=tried)
django.template.exceptions.TemplateDoesNotExist: base.html

The above exception was the direct cause of the following exception:

Traceback (most recent call last):
  File "D:\OWN PROJECTS\PETROX BUKAVU\CODEBASE\Petrox\venv\Lib\site-packages\django\core\handlers\exception.py", line 55, in inner
    response = get_response(request)
  File "D:\OWN PROJECTS\PETROX BUKAVU\CODEBASE\Petrox\venv\Lib\site-packages\django\core\handlers\base.py", line 220, in _get_response
    response = response.render()
  File "D:\OWN PROJECTS\PETROX BUKAVU\CODEBASE\Petrox\venv\Lib\site-packages\django\template\response.py", line 114, in render
    self.content = self.rendered_content
                   ^^^^^^^^^^^^^^^^^^^^^
  File "D:\OWN PROJECTS\PETROX BUKAVU\CODEBASE\Petrox\venv\Lib\site-packages\django\template\response.py", line 92, in rendered_content
    return template.render(context, self._request)
           ~~~~~~~~~~~~~~~^^^^^^^^^^^^^^^^^^^^^^^^
  File "D:\OWN PROJECTS\PETROX BUKAVU\CODEBASE\Petrox\venv\Lib\site-packages\django\template\backends\django.py", line 63, in render
    reraise(exc, self.backend)
    ~~~~~~~^^^^^^^^^^^^^^^^^^^
  File "D:\OWN PROJECTS\PETROX BUKAVU\CODEBASE\Petrox\venv\Lib\site-packages\django\template\backends\django.py", line 84, in reraise
    raise new from exc
django.template.exceptions.TemplateDoesNotExist: base.html
ERROR 2026-01-22 15:26:01,394 basehttp 11216 24572 "GET /dashboard/utilisateurs/ HTTP/1.1" 500 139480
INFO 2026-01-22 15:26:21,118 basehttp 11216 12316 "GET /dashboard/utilisateurs/ HTTP/1.1" 200 36918
ERROR 2026-01-22 15:26:25,594 log 11216 25184 Internal Server Error: /dashboard/documents/
Traceback (most recent call last):
  File "D:\OWN PROJECTS\PETROX BUKAVU\CODEBASE\Petrox\venv\Lib\site-packages\django\template\backends\django.py", line 61, in render
    return self.template.render(context)
           ~~~~~~~~~~~~~~~~~~~~^^^^^^^^^
  File "D:\OWN PROJECTS\PETROX BUKAVU\CODEBASE\Petrox\venv\Lib\site-packages\django\template\base.py", line 175, in render
    return self._render(context)
           ~~~~~~~~~~~~^^^^^^^^^
  File "D:\OWN PROJECTS\PETROX BUKAVU\CODEBASE\Petrox\venv\Lib\site-packages\django\template\base.py", line 167, in _render
    return self.nodelist.render(context)
           ~~~~~~~~~~~~~~~~~~~~^^^^^^^^^
  File "D:\OWN PROJECTS\PETROX BUKAVU\CODEBASE\Petrox\venv\Lib\site-packages\django\template\base.py", line 1005, in render
    return SafeString("".join([node.render_annotated(context) for node in self]))
                               ~~~~~~~~~~~~~~~~~~~~~^^^^^^^^^
  File "D:\OWN PROJECTS\PETROX BUKAVU\CODEBASE\Petrox\venv\Lib\site-packages\django\template\base.py", line 966, in render_annotated
    return self.render(context)
           ~~~~~~~~~~~^^^^^^^^^
  File "D:\OWN PROJECTS\PETROX BUKAVU\CODEBASE\Petrox\venv\Lib\site-packages\django\template\loader_tags.py", line 132, in render
    compiled_parent = self.get_parent(context)
  File "D:\OWN PROJECTS\PETROX BUKAVU\CODEBASE\Petrox\venv\Lib\site-packages\django\template\loader_tags.py", line 129, in get_parent
    return self.find_template(parent, context)
           ~~~~~~~~~~~~~~~~~~^^^^^^^^^^^^^^^^^
  File "D:\OWN PROJECTS\PETROX BUKAVU\CODEBASE\Petrox\venv\Lib\site-packages\django\template\loader_tags.py", line 107, in find_template
    template, origin = context.template.engine.find_template(
                       ~~~~~~~~~~~~~~~~~~~~~~~~~~~~~~~~~~~~~^
        template_name,
        ^^^^^^^^^^^^^^
        skip=history,
        ^^^^^^^^^^^^^
    )
    ^
  File "D:\OWN PROJECTS\PETROX BUKAVU\CODEBASE\Petrox\venv\Lib\site-packages\django\template\engine.py", line 161, in find_template
    raise TemplateDoesNotExist(name, tried=tried)
django.template.exceptions.TemplateDoesNotExist: base.html

The above exception was the direct cause of the following exception:

Traceback (most recent call last):
  File "D:\OWN PROJECTS\PETROX BUKAVU\CODEBASE\Petrox\venv\Lib\site-packages\django\core\handlers\exception.py", line 55, in inner
    response = get_response(request)
  File "D:\OWN PROJECTS\PETROX BUKAVU\CODEBASE\Petrox\venv\Lib\site-packages\django\core\handlers\base.py", line 220, in _get_response
    response = response.render()
  File "D:\OWN PROJECTS\PETROX BUKAVU\CODEBASE\Petrox\venv\Lib\site-packages\django\template\response.py", line 114, in render
    self.content = self.rendered_content
                   ^^^^^^^^^^^^^^^^^^^^^
  File "D:\OWN PROJECTS\PETROX BUKAVU\CODEBASE\Petrox\venv\Lib\site-packages\django\template\response.py", line 92, in rendered_content
    return template.render(context, self._request)
           ~~~~~~~~~~~~~~~^^^^^^^^^^^^^^^^^^^^^^^^
  File "D:\OWN PROJECTS\PETROX BUKAVU\CODEBASE\Petrox\venv\Lib\site-packages\django\template\backends\django.py", line 63, in render
    reraise(exc, self.backend)
    ~~~~~~~^^^^^^^^^^^^^^^^^^^
  File "D:\OWN PROJECTS\PETROX BUKAVU\CODEBASE\Petrox\venv\Lib\site-packages\django\template\backends\django.py", line 84, in reraise
    raise new from exc
django.template.exceptions.TemplateDoesNotExist: base.html
ERROR 2026-01-22 15:26:25,600 basehttp 11216 25184 "GET /dashboard/documents/ HTTP/1.1" 500 137878
INFO 2026-01-22 15:26:44,207 basehttp 11216 21104 "GET /dashboard/documents/ HTTP/1.1" 200 37698
ERROR 2026-01-22 15:27:12,046 log 11216 20136 Internal Server Error: /dashboard/forex/
Traceback (most recent call last):
  File "D:\OWN PROJECTS\PETROX BUKAVU\CODEBASE\Petrox\venv\Lib\site-packages\django\template\backends\django.py", line 61, in render
    return self.template.render(context)
           ~~~~~~~~~~~~~~~~~~~~^^^^^^^^^
  File "D:\OWN PROJECTS\PETROX BUKAVU\CODEBASE\Petrox\venv\Lib\site-packages\django\template\base.py", line 175, in render
    return self._render(context)
           ~~~~~~~~~~~~^^^^^^^^^
  File "D:\OWN PROJECTS\PETROX BUKAVU\CODEBASE\Petrox\venv\Lib\site-packages\django\template\base.py", line 167, in _render
    return self.nodelist.render(context)
           ~~~~~~~~~~~~~~~~~~~~^^^^^^^^^
  File "D:\OWN PROJECTS\PETROX BUKAVU\CODEBASE\Petrox\venv\Lib\site-packages\django\template\base.py", line 1005, in render
    return SafeString("".join([node.render_annotated(context) for node in self]))
                               ~~~~~~~~~~~~~~~~~~~~~^^^^^^^^^
  File "D:\OWN PROJECTS\PETROX BUKAVU\CODEBASE\Petrox\venv\Lib\site-packages\django\template\base.py", line 966, in render_annotated
    return self.render(context)
           ~~~~~~~~~~~^^^^^^^^^
  File "D:\OWN PROJECTS\PETROX BUKAVU\CODEBASE\Petrox\venv\Lib\site-packages\django\template\loader_tags.py", line 132, in render
    compiled_parent = self.get_parent(context)
  File "D:\OWN PROJECTS\PETROX BUKAVU\CODEBASE\Petrox\venv\Lib\site-packages\django\template\loader_tags.py", line 129, in get_parent
    return self.find_template(parent, context)
           ~~~~~~~~~~~~~~~~~~^^^^^^^^^^^^^^^^^
  File "D:\OWN PROJECTS\PETROX BUKAVU\CODEBASE\Petrox\venv\Lib\site-packages\django\template\loader_tags.py", line 107, in find_template
    template, origin = context.template.engine.find_template(
                       ~~~~~~~~~~~~~~~~~~~~~~~~~~~~~~~~~~~~~^
        template_name,
        ^^^^^^^^^^^^^^
        skip=history,
        ^^^^^^^^^^^^^
    )
    ^
  File "D:\OWN PROJECTS\PETROX BUKAVU\CODEBASE\Petrox\venv\Lib\site-packages\django\template\engine.py", line 161, in find_template
    raise TemplateDoesNotExist(name, tried=tried)
django.template.exceptions.TemplateDoesNotExist: base.html

The above exception was the direct cause of the following exception:

Traceback (most recent call last):
  File "D:\OWN PROJECTS\PETROX BUKAVU\CODEBASE\Petrox\venv\Lib\site-packages\django\core\handlers\exception.py", line 55, in inner
    response = get_response(request)
  File "D:\OWN PROJECTS\PETROX BUKAVU\CODEBASE\Petrox\venv\Lib\site-packages\django\core\handlers\base.py", line 220, in _get_response
    response = response.render()
  File "D:\OWN PROJECTS\PETROX BUKAVU\CODEBASE\Petrox\venv\Lib\site-packages\django\template\response.py", line 114, in render
    self.content = self.rendered_content
                   ^^^^^^^^^^^^^^^^^^^^^
  File "D:\OWN PROJECTS\PETROX BUKAVU\CODEBASE\Petrox\venv\Lib\site-packages\django\template\response.py", line 92, in rendered_content
    return template.render(context, self._request)
           ~~~~~~~~~~~~~~~^^^^^^^^^^^^^^^^^^^^^^^^
  File "D:\OWN PROJECTS\PETROX BUKAVU\CODEBASE\Petrox\venv\Lib\site-packages\django\template\backends\django.py", line 63, in render
    reraise(exc, self.backend)
    ~~~~~~~^^^^^^^^^^^^^^^^^^^
  File "D:\OWN PROJECTS\PETROX BUKAVU\CODEBASE\Petrox\venv\Lib\site-packages\django\template\backends\django.py", line 84, in reraise
    raise new from exc
django.template.exceptions.TemplateDoesNotExist: base.html
ERROR 2026-01-22 15:27:12,054 basehttp 11216 20136 "GET /dashboard/forex/ HTTP/1.1" 500 137076
INFO 2026-01-22 15:27:45,154 basehttp 11216 12000 "GET /dashboard/forex/ HTTP/1.1" 200 35129
WARNING 2026-01-22 15:27:45,365 log 11216 12000 Not Found: /dashboard/api/forex/analysis/
WARNING 2026-01-22 15:27:45,367 basehttp 11216 12000 "GET /dashboard/api/forex/analysis/ HTTP/1.1" 404 5973
WARNING 2026-01-22 15:28:16,150 log 11216 28556 Not Found: /dashboard/api/forex/update-rate/
WARNING 2026-01-22 15:28:16,151 basehttp 11216 28556 "POST /dashboard/api/forex/update-rate/ HTTP/1.1" 404 5983
ERROR 2026-01-22 15:28:24,969 log 11216 20992 Internal Server Error: /dashboard/rapports/
Traceback (most recent call last):
  File "D:\OWN PROJECTS\PETROX BUKAVU\CODEBASE\Petrox\venv\Lib\site-packages\django\template\backends\django.py", line 61, in render
    return self.template.render(context)
           ~~~~~~~~~~~~~~~~~~~~^^^^^^^^^
  File "D:\OWN PROJECTS\PETROX BUKAVU\CODEBASE\Petrox\venv\Lib\site-packages\django\template\base.py", line 175, in render
    return self._render(context)
           ~~~~~~~~~~~~^^^^^^^^^
  File "D:\OWN PROJECTS\PETROX BUKAVU\CODEBASE\Petrox\venv\Lib\site-packages\django\template\base.py", line 167, in _render
    return self.nodelist.render(context)
           ~~~~~~~~~~~~~~~~~~~~^^^^^^^^^
  File "D:\OWN PROJECTS\PETROX BUKAVU\CODEBASE\Petrox\venv\Lib\site-packages\django\template\base.py", line 1005, in render
    return SafeString("".join([node.render_annotated(context) for node in self]))
                               ~~~~~~~~~~~~~~~~~~~~~^^^^^^^^^
  File "D:\OWN PROJECTS\PETROX BUKAVU\CODEBASE\Petrox\venv\Lib\site-packages\django\template\base.py", line 966, in render_annotated
    return self.render(context)
           ~~~~~~~~~~~^^^^^^^^^
  File "D:\OWN PROJECTS\PETROX BUKAVU\CODEBASE\Petrox\venv\Lib\site-packages\django\template\loader_tags.py", line 132, in render
    compiled_parent = self.get_parent(context)
  File "D:\OWN PROJECTS\PETROX BUKAVU\CODEBASE\Petrox\venv\Lib\site-packages\django\template\loader_tags.py", line 129, in get_parent
    return self.find_template(parent, context)
           ~~~~~~~~~~~~~~~~~~^^^^^^^^^^^^^^^^^
  File "D:\OWN PROJECTS\PETROX BUKAVU\CODEBASE\Petrox\venv\Lib\site-packages\django\template\loader_tags.py", line 107, in find_template
    template, origin = context.template.engine.find_template(
                       ~~~~~~~~~~~~~~~~~~~~~~~~~~~~~~~~~~~~~^
        template_name,
        ^^^^^^^^^^^^^^
        skip=history,
        ^^^^^^^^^^^^^
    )
    ^
  File "D:\OWN PROJECTS\PETROX BUKAVU\CODEBASE\Petrox\venv\Lib\site-packages\django\template\engine.py", line 161, in find_template
    raise TemplateDoesNotExist(name, tried=tried)
django.template.exceptions.TemplateDoesNotExist: base.html

The above exception was the direct cause of the following exception:

Traceback (most recent call last):
  File "D:\OWN PROJECTS\PETROX BUKAVU\CODEBASE\Petrox\venv\Lib\site-packages\django\core\handlers\exception.py", line 55, in inner
    response = get_response(request)
  File "D:\OWN PROJECTS\PETROX BUKAVU\CODEBASE\Petrox\venv\Lib\site-packages\django\core\handlers\base.py", line 220, in _get_response
    response = response.render()
  File "D:\OWN PROJECTS\PETROX BUKAVU\CODEBASE\Petrox\venv\Lib\site-packages\django\template\response.py", line 114, in render
    self.content = self.rendered_content
                   ^^^^^^^^^^^^^^^^^^^^^
  File "D:\OWN PROJECTS\PETROX BUKAVU\CODEBASE\Petrox\venv\Lib\site-packages\django\template\response.py", line 92, in rendered_content
    return template.render(context, self._request)
           ~~~~~~~~~~~~~~~^^^^^^^^^^^^^^^^^^^^^^^^
  File "D:\OWN PROJECTS\PETROX BUKAVU\CODEBASE\Petrox\venv\Lib\site-packages\django\template\backends\django.py", line 63, in render
    reraise(exc, self.backend)
    ~~~~~~~^^^^^^^^^^^^^^^^^^^
  File "D:\OWN PROJECTS\PETROX BUKAVU\CODEBASE\Petrox\venv\Lib\site-packages\django\template\backends\django.py", line 84, in reraise
    raise new from exc
django.template.exceptions.TemplateDoesNotExist: base.html
ERROR 2026-01-22 15:28:24,975 basehttp 11216 20992 "GET /dashboard/rapports/ HTTP/1.1" 500 145186
INFO 2026-01-22 15:28:43,816 basehttp 11216 28300 "GET /dashboard/rapports/ HTTP/1.1" 200 46399
INFO 2026-01-22 15:28:44,099 basehttp 11216 28300 "GET /dashboard/api/stats/?period=month&currency=USD HTTP/1.1" 200 763
WARNING 2026-01-22 15:28:59,330 log 11216 764 Not Found: /dashboard/api/export/pdf/sales/
WARNING 2026-01-22 15:28:59,331 basehttp 11216 764 "GET /dashboard/api/export/pdf/sales/?date_debut=2025-12-31&date_fin=2026-01-22&devise=USD&branche_id=all HTTP/1.1" 404 6059
INFO 2026-01-22 15:31:47,470 basehttp 11216 26944 "GET /dashboard/ HTTP/1.1" 200 51922
INFO 2026-01-22 15:31:47,862 basehttp 11216 26944 "GET /dashboard/api/stats/?branche_id=all&period=month&devise=USD HTTP/1.1" 200 763
INFO 2026-01-22 15:32:02,836 basehttp 11216 26784 "GET /dashboard/api/stats/?branche_id=all&period=month&devise=USD HTTP/1.1" 200 763
INFO 2026-01-22 15:32:59,705 basehttp 11216 11608 "GET /dashboard/branches/ HTTP/1.1" 200 42359
INFO 2026-01-22 15:33:04,669 basehttp 11216 11608 "GET /dashboard/ HTTP/1.1" 200 51922
INFO 2026-01-22 15:33:05,165 basehttp 11216 11608 "GET /dashboard/api/stats/?branche_id=all&period=month&devise=USD HTTP/1.1" 200 763
INFO 2026-01-22 15:39:49,975 basehttp 11216 2676 "GET /dashboard/branches/ HTTP/1.1" 200 42359
INFO 2026-01-22 15:40:03,116 basehttp 11216 16064 "GET /dashboard/branches/ HTTP/1.1" 200 42359
ERROR 2026-01-22 15:40:22,561 log 11216 22160 Internal Server Error: /dashboard/branches/
Traceback (most recent call last):
  File "D:\OWN PROJECTS\PETROX BUKAVU\CODEBASE\Petrox\venv\Lib\site-packages\django\core\handlers\exception.py", line 55, in inner
    response = get_response(request)
  File "D:\OWN PROJECTS\PETROX BUKAVU\CODEBASE\Petrox\venv\Lib\site-packages\django\core\handlers\base.py", line 220, in _get_response
    response = response.render()
  File "D:\OWN PROJECTS\PETROX BUKAVU\CODEBASE\Petrox\venv\Lib\site-packages\django\template\response.py", line 114, in render
    self.content = self.rendered_content
                   ^^^^^^^^^^^^^^^^^^^^^
  File "D:\OWN PROJECTS\PETROX BUKAVU\CODEBASE\Petrox\venv\Lib\site-packages\django\template\response.py", line 90, in rendered_content
    template = self.resolve_template(self.template_name)
  File "D:\OWN PROJECTS\PETROX BUKAVU\CODEBASE\Petrox\venv\Lib\site-packages\django\template\response.py", line 72, in resolve_template
    return select_template(template, using=self.using)
  File "D:\OWN PROJECTS\PETROX BUKAVU\CODEBASE\Petrox\venv\Lib\site-packages\django\template\loader.py", line 42, in select_template
    return engine.get_template(template_name)
           ~~~~~~~~~~~~~~~~~~~^^^^^^^^^^^^^^^
  File "D:\OWN PROJECTS\PETROX BUKAVU\CODEBASE\Petrox\venv\Lib\site-packages\django\template\backends\django.py", line 33, in get_template
    return Template(self.engine.get_template(template_name), self)
                    ~~~~~~~~~~~~~~~~~~~~~~~~^^^^^^^^^^^^^^^
  File "D:\OWN PROJECTS\PETROX BUKAVU\CODEBASE\Petrox\venv\Lib\site-packages\django\template\engine.py", line 175, in get_template
    template, origin = self.find_template(template_name)
                       ~~~~~~~~~~~~~~~~~~^^^^^^^^^^^^^^^
  File "D:\OWN PROJECTS\PETROX BUKAVU\CODEBASE\Petrox\venv\Lib\site-packages\django\template\engine.py", line 157, in find_template
    template = loader.get_template(name, skip=skip)
  File "D:\OWN PROJECTS\PETROX BUKAVU\CODEBASE\Petrox\venv\Lib\site-packages\django\template\loaders\cached.py", line 57, in get_template
    template = super().get_template(template_name, skip)
  File "D:\OWN PROJECTS\PETROX BUKAVU\CODEBASE\Petrox\venv\Lib\site-packages\django\template\loaders\base.py", line 28, in get_template
    return Template(
        contents,
    ...<2 lines>...
        self.engine,
    )
  File "D:\OWN PROJECTS\PETROX BUKAVU\CODEBASE\Petrox\venv\Lib\site-packages\django\template\base.py", line 154, in __init__
    self.nodelist = self.compile_nodelist()
                    ~~~~~~~~~~~~~~~~~~~~~^^
  File "D:\OWN PROJECTS\PETROX BUKAVU\CODEBASE\Petrox\venv\Lib\site-packages\django\template\base.py", line 200, in compile_nodelist
    return parser.parse()
           ~~~~~~~~~~~~^^
  File "D:\OWN PROJECTS\PETROX BUKAVU\CODEBASE\Petrox\venv\Lib\site-packages\django\template\base.py", line 513, in parse
    raise self.error(token, e)
  File "D:\OWN PROJECTS\PETROX BUKAVU\CODEBASE\Petrox\venv\Lib\site-packages\django\template\base.py", line 511, in parse
    compiled_result = compile_func(self, token)
  File "D:\OWN PROJECTS\PETROX BUKAVU\CODEBASE\Petrox\venv\Lib\site-packages\django\template\loader_tags.py", line 293, in do_extends
    nodelist = parser.parse()
  File "D:\OWN PROJECTS\PETROX BUKAVU\CODEBASE\Petrox\venv\Lib\site-packages\django\template\base.py", line 513, in parse
    raise self.error(token, e)
  File "D:\OWN PROJECTS\PETROX BUKAVU\CODEBASE\Petrox\venv\Lib\site-packages\django\template\base.py", line 511, in parse
    compiled_result = compile_func(self, token)
  File "D:\OWN PROJECTS\PETROX BUKAVU\CODEBASE\Petrox\venv\Lib\site-packages\django\template\loader_tags.py", line 232, in do_block
    nodelist = parser.parse(("endblock",))
  File "D:\OWN PROJECTS\PETROX BUKAVU\CODEBASE\Petrox\venv\Lib\site-packages\django\template\base.py", line 484, in parse
    raise self.error(token, e)
  File "D:\OWN PROJECTS\PETROX BUKAVU\CODEBASE\Petrox\venv\Lib\site-packages\django\template\base.py", line 482, in parse
    filter_expression = self.compile_filter(token.contents)
  File "D:\OWN PROJECTS\PETROX BUKAVU\CODEBASE\Petrox\venv\Lib\site-packages\django\template\base.py", line 600, in compile_filter
    return FilterExpression(token, self)
  File "D:\OWN PROJECTS\PETROX BUKAVU\CODEBASE\Petrox\venv\Lib\site-packages\django\template\base.py", line 698, in __init__
    filter_func = parser.find_filter(filter_name)
  File "D:\OWN PROJECTS\PETROX BUKAVU\CODEBASE\Petrox\venv\Lib\site-packages\django\template\base.py", line 606, in find_filter
    raise TemplateSyntaxError("Invalid filter: '%s'" % filter_name)
django.template.exceptions.TemplateSyntaxError: Invalid filter: 'selectattr'
ERROR 2026-01-22 15:40:22,596 basehttp 11216 22160 "GET /dashboard/branches/ HTTP/1.1" 500 265143
INFO 2026-01-22 15:42:17,180 autoreload 11216 21540 D:\OWN PROJECTS\PETROX BUKAVU\CODEBASE\Petrox\apps\admin_module\views.py changed, reloading.
INFO 2026-01-22 15:42:19,894 autoreload 14360 5492 Watching for file changes with StatReloader
INFO 2026-01-22 15:47:32,805 autoreload 17872 27660 Watching for file changes with StatReloader
ERROR 2026-01-22 15:48:03,976 log 17872 12348 Internal Server Error: /dashboard/branches/
Traceback (most recent call last):
  File "D:\OWN PROJECTS\PETROX BUKAVU\CODEBASE\Petrox\venv\Lib\site-packages\django\core\handlers\exception.py", line 55, in inner
    response = get_response(request)
  File "D:\OWN PROJECTS\PETROX BUKAVU\CODEBASE\Petrox\venv\Lib\site-packages\django\core\handlers\base.py", line 220, in _get_response
    response = response.render()
  File "D:\OWN PROJECTS\PETROX BUKAVU\CODEBASE\Petrox\venv\Lib\site-packages\django\template\response.py", line 114, in render
    self.content = self.rendered_content
                   ^^^^^^^^^^^^^^^^^^^^^
  File "D:\OWN PROJECTS\PETROX BUKAVU\CODEBASE\Petrox\venv\Lib\site-packages\django\template\response.py", line 90, in rendered_content
    template = self.resolve_template(self.template_name)
  File "D:\OWN PROJECTS\PETROX BUKAVU\CODEBASE\Petrox\venv\Lib\site-packages\django\template\response.py", line 72, in resolve_template
    return select_template(template, using=self.using)
  File "D:\OWN PROJECTS\PETROX BUKAVU\CODEBASE\Petrox\venv\Lib\site-packages\django\template\loader.py", line 42, in select_template
    return engine.get_template(template_name)
           ~~~~~~~~~~~~~~~~~~~^^^^^^^^^^^^^^^
  File "D:\OWN PROJECTS\PETROX BUKAVU\CODEBASE\Petrox\venv\Lib\site-packages\django\template\backends\django.py", line 33, in get_template
    return Template(self.engine.get_template(template_name), self)
                    ~~~~~~~~~~~~~~~~~~~~~~~~^^^^^^^^^^^^^^^
  File "D:\OWN PROJECTS\PETROX BUKAVU\CODEBASE\Petrox\venv\Lib\site-packages\django\template\engine.py", line 175, in get_template
    template, origin = self.find_template(template_name)
                       ~~~~~~~~~~~~~~~~~~^^^^^^^^^^^^^^^
  File "D:\OWN PROJECTS\PETROX BUKAVU\CODEBASE\Petrox\venv\Lib\site-packages\django\template\engine.py", line 157, in find_template
    template = loader.get_template(name, skip=skip)
  File "D:\OWN PROJECTS\PETROX BUKAVU\CODEBASE\Petrox\venv\Lib\site-packages\django\template\loaders\cached.py", line 57, in get_template
    template = super().get_template(template_name, skip)
  File "D:\OWN PROJECTS\PETROX BUKAVU\CODEBASE\Petrox\venv\Lib\site-packages\django\template\loaders\base.py", line 28, in get_template
    return Template(
        contents,
    ...<2 lines>...
        self.engine,
    )
  File "D:\OWN PROJECTS\PETROX BUKAVU\CODEBASE\Petrox\venv\Lib\site-packages\django\template\base.py", line 154, in __init__
    self.nodelist = self.compile_nodelist()
                    ~~~~~~~~~~~~~~~~~~~~~^^
  File "D:\OWN PROJECTS\PETROX BUKAVU\CODEBASE\Petrox\venv\Lib\site-packages\django\template\base.py", line 200, in compile_nodelist
    return parser.parse()
           ~~~~~~~~~~~~^^
  File "D:\OWN PROJECTS\PETROX BUKAVU\CODEBASE\Petrox\venv\Lib\site-packages\django\template\base.py", line 513, in parse
    raise self.error(token, e)
  File "D:\OWN PROJECTS\PETROX BUKAVU\CODEBASE\Petrox\venv\Lib\site-packages\django\template\base.py", line 511, in parse
    compiled_result = compile_func(self, token)
  File "D:\OWN PROJECTS\PETROX BUKAVU\CODEBASE\Petrox\venv\Lib\site-packages\django\template\loader_tags.py", line 293, in do_extends
    nodelist = parser.parse()
  File "D:\OWN PROJECTS\PETROX BUKAVU\CODEBASE\Petrox\venv\Lib\site-packages\django\template\base.py", line 513, in parse
    raise self.error(token, e)
  File "D:\OWN PROJECTS\PETROX BUKAVU\CODEBASE\Petrox\venv\Lib\site-packages\django\template\base.py", line 511, in parse
    compiled_result = compile_func(self, token)
  File "D:\OWN PROJECTS\PETROX BUKAVU\CODEBASE\Petrox\venv\Lib\site-packages\django\template\loader_tags.py", line 232, in do_block
    nodelist = parser.parse(("endblock",))
  File "D:\OWN PROJECTS\PETROX BUKAVU\CODEBASE\Petrox\venv\Lib\site-packages\django\template\base.py", line 484, in parse
    raise self.error(token, e)
  File "D:\OWN PROJECTS\PETROX BUKAVU\CODEBASE\Petrox\venv\Lib\site-packages\django\template\base.py", line 482, in parse
    filter_expression = self.compile_filter(token.contents)
  File "D:\OWN PROJECTS\PETROX BUKAVU\CODEBASE\Petrox\venv\Lib\site-packages\django\template\base.py", line 600, in compile_filter
    return FilterExpression(token, self)
  File "D:\OWN PROJECTS\PETROX BUKAVU\CODEBASE\Petrox\venv\Lib\site-packages\django\template\base.py", line 698, in __init__
    filter_func = parser.find_filter(filter_name)
  File "D:\OWN PROJECTS\PETROX BUKAVU\CODEBASE\Petrox\venv\Lib\site-packages\django\template\base.py", line 606, in find_filter
    raise TemplateSyntaxError("Invalid filter: '%s'" % filter_name)
django.template.exceptions.TemplateSyntaxError: Invalid filter: 'selectattr'
ERROR 2026-01-22 15:48:03,989 basehttp 17872 12348 "GET /dashboard/branches/ HTTP/1.1" 500 265143
ERROR 2026-01-22 15:48:49,319 log 17872 24040 Internal Server Error: /dashboard/branches/
Traceback (most recent call last):
  File "D:\OWN PROJECTS\PETROX BUKAVU\CODEBASE\Petrox\venv\Lib\site-packages\django\core\handlers\exception.py", line 55, in inner
    response = get_response(request)
  File "D:\OWN PROJECTS\PETROX BUKAVU\CODEBASE\Petrox\venv\Lib\site-packages\django\core\handlers\base.py", line 220, in _get_response
    response = response.render()
  File "D:\OWN PROJECTS\PETROX BUKAVU\CODEBASE\Petrox\venv\Lib\site-packages\django\template\response.py", line 114, in render
    self.content = self.rendered_content
                   ^^^^^^^^^^^^^^^^^^^^^
  File "D:\OWN PROJECTS\PETROX BUKAVU\CODEBASE\Petrox\venv\Lib\site-packages\django\template\response.py", line 90, in rendered_content
    template = self.resolve_template(self.template_name)
  File "D:\OWN PROJECTS\PETROX BUKAVU\CODEBASE\Petrox\venv\Lib\site-packages\django\template\response.py", line 72, in resolve_template
    return select_template(template, using=self.using)
  File "D:\OWN PROJECTS\PETROX BUKAVU\CODEBASE\Petrox\venv\Lib\site-packages\django\template\loader.py", line 42, in select_template
    return engine.get_template(template_name)
           ~~~~~~~~~~~~~~~~~~~^^^^^^^^^^^^^^^
  File "D:\OWN PROJECTS\PETROX BUKAVU\CODEBASE\Petrox\venv\Lib\site-packages\django\template\backends\django.py", line 33, in get_template
    return Template(self.engine.get_template(template_name), self)
                    ~~~~~~~~~~~~~~~~~~~~~~~~^^^^^^^^^^^^^^^
  File "D:\OWN PROJECTS\PETROX BUKAVU\CODEBASE\Petrox\venv\Lib\site-packages\django\template\engine.py", line 175, in get_template
    template, origin = self.find_template(template_name)
                       ~~~~~~~~~~~~~~~~~~^^^^^^^^^^^^^^^
  File "D:\OWN PROJECTS\PETROX BUKAVU\CODEBASE\Petrox\venv\Lib\site-packages\django\template\engine.py", line 157, in find_template
    template = loader.get_template(name, skip=skip)
  File "D:\OWN PROJECTS\PETROX BUKAVU\CODEBASE\Petrox\venv\Lib\site-packages\django\template\loaders\cached.py", line 57, in get_template
    template = super().get_template(template_name, skip)
  File "D:\OWN PROJECTS\PETROX BUKAVU\CODEBASE\Petrox\venv\Lib\site-packages\django\template\loaders\base.py", line 28, in get_template
    return Template(
        contents,
    ...<2 lines>...
        self.engine,
    )
  File "D:\OWN PROJECTS\PETROX BUKAVU\CODEBASE\Petrox\venv\Lib\site-packages\django\template\base.py", line 154, in __init__
    self.nodelist = self.compile_nodelist()
                    ~~~~~~~~~~~~~~~~~~~~~^^
  File "D:\OWN PROJECTS\PETROX BUKAVU\CODEBASE\Petrox\venv\Lib\site-packages\django\template\base.py", line 200, in compile_nodelist
    return parser.parse()
           ~~~~~~~~~~~~^^
  File "D:\OWN PROJECTS\PETROX BUKAVU\CODEBASE\Petrox\venv\Lib\site-packages\django\template\base.py", line 513, in parse
    raise self.error(token, e)
  File "D:\OWN PROJECTS\PETROX BUKAVU\CODEBASE\Petrox\venv\Lib\site-packages\django\template\base.py", line 511, in parse
    compiled_result = compile_func(self, token)
  File "D:\OWN PROJECTS\PETROX BUKAVU\CODEBASE\Petrox\venv\Lib\site-packages\django\template\loader_tags.py", line 293, in do_extends
    nodelist = parser.parse()
  File "D:\OWN PROJECTS\PETROX BUKAVU\CODEBASE\Petrox\venv\Lib\site-packages\django\template\base.py", line 513, in parse
    raise self.error(token, e)
  File "D:\OWN PROJECTS\PETROX BUKAVU\CODEBASE\Petrox\venv\Lib\site-packages\django\template\base.py", line 511, in parse
    compiled_result = compile_func(self, token)
  File "D:\OWN PROJECTS\PETROX BUKAVU\CODEBASE\Petrox\venv\Lib\site-packages\django\template\loader_tags.py", line 232, in do_block
    nodelist = parser.parse(("endblock",))
  File "D:\OWN PROJECTS\PETROX BUKAVU\CODEBASE\Petrox\venv\Lib\site-packages\django\template\base.py", line 484, in parse
    raise self.error(token, e)
  File "D:\OWN PROJECTS\PETROX BUKAVU\CODEBASE\Petrox\venv\Lib\site-packages\django\template\base.py", line 482, in parse
    filter_expression = self.compile_filter(token.contents)
  File "D:\OWN PROJECTS\PETROX BUKAVU\CODEBASE\Petrox\venv\Lib\site-packages\django\template\base.py", line 600, in compile_filter
    return FilterExpression(token, self)
  File "D:\OWN PROJECTS\PETROX BUKAVU\CODEBASE\Petrox\venv\Lib\site-packages\django\template\base.py", line 698, in __init__
    filter_func = parser.find_filter(filter_name)
  File "D:\OWN PROJECTS\PETROX BUKAVU\CODEBASE\Petrox\venv\Lib\site-packages\django\template\base.py", line 606, in find_filter
    raise TemplateSyntaxError("Invalid filter: '%s'" % filter_name)
django.template.exceptions.TemplateSyntaxError: Invalid filter: 'selectattr'
ERROR 2026-01-22 15:48:49,326 basehttp 17872 24040 "GET /dashboard/branches/ HTTP/1.1" 500 265212
ERROR 2026-01-22 15:49:05,521 log 17872 19704 Internal Server Error: /dashboard/branches/
Traceback (most recent call last):
  File "D:\OWN PROJECTS\PETROX BUKAVU\CODEBASE\Petrox\venv\Lib\site-packages\django\core\handlers\exception.py", line 55, in inner
    response = get_response(request)
  File "D:\OWN PROJECTS\PETROX BUKAVU\CODEBASE\Petrox\venv\Lib\site-packages\django\core\handlers\base.py", line 220, in _get_response
    response = response.render()
  File "D:\OWN PROJECTS\PETROX BUKAVU\CODEBASE\Petrox\venv\Lib\site-packages\django\template\response.py", line 114, in render
    self.content = self.rendered_content
                   ^^^^^^^^^^^^^^^^^^^^^
  File "D:\OWN PROJECTS\PETROX BUKAVU\CODEBASE\Petrox\venv\Lib\site-packages\django\template\response.py", line 90, in rendered_content
    template = self.resolve_template(self.template_name)
  File "D:\OWN PROJECTS\PETROX BUKAVU\CODEBASE\Petrox\venv\Lib\site-packages\django\template\response.py", line 72, in resolve_template
    return select_template(template, using=self.using)
  File "D:\OWN PROJECTS\PETROX BUKAVU\CODEBASE\Petrox\venv\Lib\site-packages\django\template\loader.py", line 42, in select_template
    return engine.get_template(template_name)
           ~~~~~~~~~~~~~~~~~~~^^^^^^^^^^^^^^^
  File "D:\OWN PROJECTS\PETROX BUKAVU\CODEBASE\Petrox\venv\Lib\site-packages\django\template\backends\django.py", line 33, in get_template
    return Template(self.engine.get_template(template_name), self)
                    ~~~~~~~~~~~~~~~~~~~~~~~~^^^^^^^^^^^^^^^
  File "D:\OWN PROJECTS\PETROX BUKAVU\CODEBASE\Petrox\venv\Lib\site-packages\django\template\engine.py", line 175, in get_template
    template, origin = self.find_template(template_name)
                       ~~~~~~~~~~~~~~~~~~^^^^^^^^^^^^^^^
  File "D:\OWN PROJECTS\PETROX BUKAVU\CODEBASE\Petrox\venv\Lib\site-packages\django\template\engine.py", line 157, in find_template
    template = loader.get_template(name, skip=skip)
  File "D:\OWN PROJECTS\PETROX BUKAVU\CODEBASE\Petrox\venv\Lib\site-packages\django\template\loaders\cached.py", line 57, in get_template
    template = super().get_template(template_name, skip)
  File "D:\OWN PROJECTS\PETROX BUKAVU\CODEBASE\Petrox\venv\Lib\site-packages\django\template\loaders\base.py", line 28, in get_template
    return Template(
        contents,
    ...<2 lines>...
        self.engine,
    )
  File "D:\OWN PROJECTS\PETROX BUKAVU\CODEBASE\Petrox\venv\Lib\site-packages\django\template\base.py", line 154, in __init__
    self.nodelist = self.compile_nodelist()
                    ~~~~~~~~~~~~~~~~~~~~~^^
  File "D:\OWN PROJECTS\PETROX BUKAVU\CODEBASE\Petrox\venv\Lib\site-packages\django\template\base.py", line 200, in compile_nodelist
    return parser.parse()
           ~~~~~~~~~~~~^^
  File "D:\OWN PROJECTS\PETROX BUKAVU\CODEBASE\Petrox\venv\Lib\site-packages\django\template\base.py", line 513, in parse
    raise self.error(token, e)
  File "D:\OWN PROJECTS\PETROX BUKAVU\CODEBASE\Petrox\venv\Lib\site-packages\django\template\base.py", line 511, in parse
    compiled_result = compile_func(self, token)
  File "D:\OWN PROJECTS\PETROX BUKAVU\CODEBASE\Petrox\venv\Lib\site-packages\django\template\loader_tags.py", line 293, in do_extends
    nodelist = parser.parse()
  File "D:\OWN PROJECTS\PETROX BUKAVU\CODEBASE\Petrox\venv\Lib\site-packages\django\template\base.py", line 513, in parse
    raise self.error(token, e)
  File "D:\OWN PROJECTS\PETROX BUKAVU\CODEBASE\Petrox\venv\Lib\site-packages\django\template\base.py", line 511, in parse
    compiled_result = compile_func(self, token)
  File "D:\OWN PROJECTS\PETROX BUKAVU\CODEBASE\Petrox\venv\Lib\site-packages\django\template\loader_tags.py", line 232, in do_block
    nodelist = parser.parse(("endblock",))
  File "D:\OWN PROJECTS\PETROX BUKAVU\CODEBASE\Petrox\venv\Lib\site-packages\django\template\base.py", line 484, in parse
    raise self.error(token, e)
  File "D:\OWN PROJECTS\PETROX BUKAVU\CODEBASE\Petrox\venv\Lib\site-packages\django\template\base.py", line 482, in parse
    filter_expression = self.compile_filter(token.contents)
  File "D:\OWN PROJECTS\PETROX BUKAVU\CODEBASE\Petrox\venv\Lib\site-packages\django\template\base.py", line 600, in compile_filter
    return FilterExpression(token, self)
  File "D:\OWN PROJECTS\PETROX BUKAVU\CODEBASE\Petrox\venv\Lib\site-packages\django\template\base.py", line 698, in __init__
    filter_func = parser.find_filter(filter_name)
  File "D:\OWN PROJECTS\PETROX BUKAVU\CODEBASE\Petrox\venv\Lib\site-packages\django\template\base.py", line 606, in find_filter
    raise TemplateSyntaxError("Invalid filter: '%s'" % filter_name)
django.template.exceptions.TemplateSyntaxError: Invalid filter: 'selectattr'
ERROR 2026-01-22 15:49:05,537 basehttp 17872 19704 "GET /dashboard/branches/ HTTP/1.1" 500 264044
ERROR 2026-01-22 15:50:46,342 log 17872 26736 Internal Server Error: /dashboard/branches/
Traceback (most recent call last):
  File "D:\OWN PROJECTS\PETROX BUKAVU\CODEBASE\Petrox\venv\Lib\site-packages\django\core\handlers\exception.py", line 55, in inner
    response = get_response(request)
  File "D:\OWN PROJECTS\PETROX BUKAVU\CODEBASE\Petrox\venv\Lib\site-packages\django\core\handlers\base.py", line 220, in _get_response
    response = response.render()
  File "D:\OWN PROJECTS\PETROX BUKAVU\CODEBASE\Petrox\venv\Lib\site-packages\django\template\response.py", line 114, in render
    self.content = self.rendered_content
                   ^^^^^^^^^^^^^^^^^^^^^
  File "D:\OWN PROJECTS\PETROX BUKAVU\CODEBASE\Petrox\venv\Lib\site-packages\django\template\response.py", line 90, in rendered_content
    template = self.resolve_template(self.template_name)
  File "D:\OWN PROJECTS\PETROX BUKAVU\CODEBASE\Petrox\venv\Lib\site-packages\django\template\response.py", line 72, in resolve_template
    return select_template(template, using=self.using)
  File "D:\OWN PROJECTS\PETROX BUKAVU\CODEBASE\Petrox\venv\Lib\site-packages\django\template\loader.py", line 42, in select_template
    return engine.get_template(template_name)
           ~~~~~~~~~~~~~~~~~~~^^^^^^^^^^^^^^^
  File "D:\OWN PROJECTS\PETROX BUKAVU\CODEBASE\Petrox\venv\Lib\site-packages\django\template\backends\django.py", line 33, in get_template
    return Template(self.engine.get_template(template_name), self)
                    ~~~~~~~~~~~~~~~~~~~~~~~~^^^^^^^^^^^^^^^
  File "D:\OWN PROJECTS\PETROX BUKAVU\CODEBASE\Petrox\venv\Lib\site-packages\django\template\engine.py", line 175, in get_template
    template, origin = self.find_template(template_name)
                       ~~~~~~~~~~~~~~~~~~^^^^^^^^^^^^^^^
  File "D:\OWN PROJECTS\PETROX BUKAVU\CODEBASE\Petrox\venv\Lib\site-packages\django\template\engine.py", line 157, in find_template
    template = loader.get_template(name, skip=skip)
  File "D:\OWN PROJECTS\PETROX BUKAVU\CODEBASE\Petrox\venv\Lib\site-packages\django\template\loaders\cached.py", line 57, in get_template
    template = super().get_template(template_name, skip)
  File "D:\OWN PROJECTS\PETROX BUKAVU\CODEBASE\Petrox\venv\Lib\site-packages\django\template\loaders\base.py", line 28, in get_template
    return Template(
        contents,
    ...<2 lines>...
        self.engine,
    )
  File "D:\OWN PROJECTS\PETROX BUKAVU\CODEBASE\Petrox\venv\Lib\site-packages\django\template\base.py", line 154, in __init__
    self.nodelist = self.compile_nodelist()
                    ~~~~~~~~~~~~~~~~~~~~~^^
  File "D:\OWN PROJECTS\PETROX BUKAVU\CODEBASE\Petrox\venv\Lib\site-packages\django\template\base.py", line 200, in compile_nodelist
    return parser.parse()
           ~~~~~~~~~~~~^^
  File "D:\OWN PROJECTS\PETROX BUKAVU\CODEBASE\Petrox\venv\Lib\site-packages\django\template\base.py", line 513, in parse
    raise self.error(token, e)
  File "D:\OWN PROJECTS\PETROX BUKAVU\CODEBASE\Petrox\venv\Lib\site-packages\django\template\base.py", line 511, in parse
    compiled_result = compile_func(self, token)
  File "D:\OWN PROJECTS\PETROX BUKAVU\CODEBASE\Petrox\venv\Lib\site-packages\django\template\loader_tags.py", line 293, in do_extends
    nodelist = parser.parse()
  File "D:\OWN PROJECTS\PETROX BUKAVU\CODEBASE\Petrox\venv\Lib\site-packages\django\template\base.py", line 513, in parse
    raise self.error(token, e)
  File "D:\OWN PROJECTS\PETROX BUKAVU\CODEBASE\Petrox\venv\Lib\site-packages\django\template\base.py", line 511, in parse
    compiled_result = compile_func(self, token)
  File "D:\OWN PROJECTS\PETROX BUKAVU\CODEBASE\Petrox\venv\Lib\site-packages\django\template\loader_tags.py", line 232, in do_block
    nodelist = parser.parse(("endblock",))
  File "D:\OWN PROJECTS\PETROX BUKAVU\CODEBASE\Petrox\venv\Lib\site-packages\django\template\base.py", line 484, in parse
    raise self.error(token, e)
  File "D:\OWN PROJECTS\PETROX BUKAVU\CODEBASE\Petrox\venv\Lib\site-packages\django\template\base.py", line 482, in parse
    filter_expression = self.compile_filter(token.contents)
  File "D:\OWN PROJECTS\PETROX BUKAVU\CODEBASE\Petrox\venv\Lib\site-packages\django\template\base.py", line 600, in compile_filter
    return FilterExpression(token, self)
  File "D:\OWN PROJECTS\PETROX BUKAVU\CODEBASE\Petrox\venv\Lib\site-packages\django\template\base.py", line 698, in __init__
    filter_func = parser.find_filter(filter_name)
  File "D:\OWN PROJECTS\PETROX BUKAVU\CODEBASE\Petrox\venv\Lib\site-packages\django\template\base.py", line 606, in find_filter
    raise TemplateSyntaxError("Invalid filter: '%s'" % filter_name)
django.template.exceptions.TemplateSyntaxError: Invalid filter: 'selectattr'
ERROR 2026-01-22 15:50:46,349 basehttp 17872 26736 "GET /dashboard/branches/ HTTP/1.1" 500 264044
ERROR 2026-01-22 15:50:54,833 log 17872 10984 Internal Server Error: /dashboard/branches/
Traceback (most recent call last):
  File "D:\OWN PROJECTS\PETROX BUKAVU\CODEBASE\Petrox\venv\Lib\site-packages\django\core\handlers\exception.py", line 55, in inner
    response = get_response(request)
  File "D:\OWN PROJECTS\PETROX BUKAVU\CODEBASE\Petrox\venv\Lib\site-packages\django\core\handlers\base.py", line 220, in _get_response
    response = response.render()
  File "D:\OWN PROJECTS\PETROX BUKAVU\CODEBASE\Petrox\venv\Lib\site-packages\django\template\response.py", line 114, in render
    self.content = self.rendered_content
                   ^^^^^^^^^^^^^^^^^^^^^
  File "D:\OWN PROJECTS\PETROX BUKAVU\CODEBASE\Petrox\venv\Lib\site-packages\django\template\response.py", line 90, in rendered_content
    template = self.resolve_template(self.template_name)
  File "D:\OWN PROJECTS\PETROX BUKAVU\CODEBASE\Petrox\venv\Lib\site-packages\django\template\response.py", line 72, in resolve_template
    return select_template(template, using=self.using)
  File "D:\OWN PROJECTS\PETROX BUKAVU\CODEBASE\Petrox\venv\Lib\site-packages\django\template\loader.py", line 42, in select_template
    return engine.get_template(template_name)
           ~~~~~~~~~~~~~~~~~~~^^^^^^^^^^^^^^^
  File "D:\OWN PROJECTS\PETROX BUKAVU\CODEBASE\Petrox\venv\Lib\site-packages\django\template\backends\django.py", line 33, in get_template
    return Template(self.engine.get_template(template_name), self)
                    ~~~~~~~~~~~~~~~~~~~~~~~~^^^^^^^^^^^^^^^
  File "D:\OWN PROJECTS\PETROX BUKAVU\CODEBASE\Petrox\venv\Lib\site-packages\django\template\engine.py", line 175, in get_template
    template, origin = self.find_template(template_name)
                       ~~~~~~~~~~~~~~~~~~^^^^^^^^^^^^^^^
  File "D:\OWN PROJECTS\PETROX BUKAVU\CODEBASE\Petrox\venv\Lib\site-packages\django\template\engine.py", line 157, in find_template
    template = loader.get_template(name, skip=skip)
  File "D:\OWN PROJECTS\PETROX BUKAVU\CODEBASE\Petrox\venv\Lib\site-packages\django\template\loaders\cached.py", line 57, in get_template
    template = super().get_template(template_name, skip)
  File "D:\OWN PROJECTS\PETROX BUKAVU\CODEBASE\Petrox\venv\Lib\site-packages\django\template\loaders\base.py", line 28, in get_template
    return Template(
        contents,
    ...<2 lines>...
        self.engine,
    )
  File "D:\OWN PROJECTS\PETROX BUKAVU\CODEBASE\Petrox\venv\Lib\site-packages\django\template\base.py", line 154, in __init__
    self.nodelist = self.compile_nodelist()
                    ~~~~~~~~~~~~~~~~~~~~~^^
  File "D:\OWN PROJECTS\PETROX BUKAVU\CODEBASE\Petrox\venv\Lib\site-packages\django\template\base.py", line 200, in compile_nodelist
    return parser.parse()
           ~~~~~~~~~~~~^^
  File "D:\OWN PROJECTS\PETROX BUKAVU\CODEBASE\Petrox\venv\Lib\site-packages\django\template\base.py", line 513, in parse
    raise self.error(token, e)
  File "D:\OWN PROJECTS\PETROX BUKAVU\CODEBASE\Petrox\venv\Lib\site-packages\django\template\base.py", line 511, in parse
    compiled_result = compile_func(self, token)
  File "D:\OWN PROJECTS\PETROX BUKAVU\CODEBASE\Petrox\venv\Lib\site-packages\django\template\loader_tags.py", line 293, in do_extends
    nodelist = parser.parse()
  File "D:\OWN PROJECTS\PETROX BUKAVU\CODEBASE\Petrox\venv\Lib\site-packages\django\template\base.py", line 513, in parse
    raise self.error(token, e)
  File "D:\OWN PROJECTS\PETROX BUKAVU\CODEBASE\Petrox\venv\Lib\site-packages\django\template\base.py", line 511, in parse
    compiled_result = compile_func(self, token)
  File "D:\OWN PROJECTS\PETROX BUKAVU\CODEBASE\Petrox\venv\Lib\site-packages\django\template\loader_tags.py", line 232, in do_block
    nodelist = parser.parse(("endblock",))
  File "D:\OWN PROJECTS\PETROX BUKAVU\CODEBASE\Petrox\venv\Lib\site-packages\django\template\base.py", line 484, in parse
    raise self.error(token, e)
  File "D:\OWN PROJECTS\PETROX BUKAVU\CODEBASE\Petrox\venv\Lib\site-packages\django\template\base.py", line 482, in parse
    filter_expression = self.compile_filter(token.contents)
  File "D:\OWN PROJECTS\PETROX BUKAVU\CODEBASE\Petrox\venv\Lib\site-packages\django\template\base.py", line 600, in compile_filter
    return FilterExpression(token, self)
  File "D:\OWN PROJECTS\PETROX BUKAVU\CODEBASE\Petrox\venv\Lib\site-packages\django\template\base.py", line 698, in __init__
    filter_func = parser.find_filter(filter_name)
  File "D:\OWN PROJECTS\PETROX BUKAVU\CODEBASE\Petrox\venv\Lib\site-packages\django\template\base.py", line 606, in find_filter
    raise TemplateSyntaxError("Invalid filter: '%s'" % filter_name)
django.template.exceptions.TemplateSyntaxError: Invalid filter: 'selectattr'
ERROR 2026-01-22 15:50:54,842 basehttp 17872 10984 "GET /dashboard/branches/ HTTP/1.1" 500 265143
INFO 2026-01-22 15:53:32,715 autoreload 17872 27660 D:\OWN PROJECTS\PETROX BUKAVU\CODEBASE\Petrox\apps\admin_module\urls.py changed, reloading.
INFO 2026-01-22 15:53:33,930 autoreload 300 10744 Watching for file changes with StatReloader
INFO 2026-01-22 15:54:31,554 autoreload 300 10744 D:\OWN PROJECTS\PETROX BUKAVU\CODEBASE\Petrox\apps\admin_module\views.py changed, reloading.
INFO 2026-01-22 15:54:32,418 autoreload 14696 3268 Watching for file changes with StatReloader
ERROR 2026-01-22 15:54:36,626 log 14696 8864 Internal Server Error: /dashboard/branches/
Traceback (most recent call last):
  File "D:\OWN PROJECTS\PETROX BUKAVU\CODEBASE\Petrox\venv\Lib\site-packages\django\core\handlers\exception.py", line 55, in inner
    response = get_response(request)
  File "D:\OWN PROJECTS\PETROX BUKAVU\CODEBASE\Petrox\venv\Lib\site-packages\django\core\handlers\base.py", line 220, in _get_response
    response = response.render()
  File "D:\OWN PROJECTS\PETROX BUKAVU\CODEBASE\Petrox\venv\Lib\site-packages\django\template\response.py", line 114, in render
    self.content = self.rendered_content
                   ^^^^^^^^^^^^^^^^^^^^^
  File "D:\OWN PROJECTS\PETROX BUKAVU\CODEBASE\Petrox\venv\Lib\site-packages\django\template\response.py", line 90, in rendered_content
    template = self.resolve_template(self.template_name)
  File "D:\OWN PROJECTS\PETROX BUKAVU\CODEBASE\Petrox\venv\Lib\site-packages\django\template\response.py", line 72, in resolve_template
    return select_template(template, using=self.using)
  File "D:\OWN PROJECTS\PETROX BUKAVU\CODEBASE\Petrox\venv\Lib\site-packages\django\template\loader.py", line 42, in select_template
    return engine.get_template(template_name)
           ~~~~~~~~~~~~~~~~~~~^^^^^^^^^^^^^^^
  File "D:\OWN PROJECTS\PETROX BUKAVU\CODEBASE\Petrox\venv\Lib\site-packages\django\template\backends\django.py", line 33, in get_template
    return Template(self.engine.get_template(template_name), self)
                    ~~~~~~~~~~~~~~~~~~~~~~~~^^^^^^^^^^^^^^^
  File "D:\OWN PROJECTS\PETROX BUKAVU\CODEBASE\Petrox\venv\Lib\site-packages\django\template\engine.py", line 175, in get_template
    template, origin = self.find_template(template_name)
                       ~~~~~~~~~~~~~~~~~~^^^^^^^^^^^^^^^
  File "D:\OWN PROJECTS\PETROX BUKAVU\CODEBASE\Petrox\venv\Lib\site-packages\django\template\engine.py", line 157, in find_template
    template = loader.get_template(name, skip=skip)
  File "D:\OWN PROJECTS\PETROX BUKAVU\CODEBASE\Petrox\venv\Lib\site-packages\django\template\loaders\cached.py", line 57, in get_template
    template = super().get_template(template_name, skip)
  File "D:\OWN PROJECTS\PETROX BUKAVU\CODEBASE\Petrox\venv\Lib\site-packages\django\template\loaders\base.py", line 28, in get_template
    return Template(
        contents,
    ...<2 lines>...
        self.engine,
    )
  File "D:\OWN PROJECTS\PETROX BUKAVU\CODEBASE\Petrox\venv\Lib\site-packages\django\template\base.py", line 154, in __init__
    self.nodelist = self.compile_nodelist()
                    ~~~~~~~~~~~~~~~~~~~~~^^
  File "D:\OWN PROJECTS\PETROX BUKAVU\CODEBASE\Petrox\venv\Lib\site-packages\django\template\base.py", line 200, in compile_nodelist
    return parser.parse()
           ~~~~~~~~~~~~^^
  File "D:\OWN PROJECTS\PETROX BUKAVU\CODEBASE\Petrox\venv\Lib\site-packages\django\template\base.py", line 513, in parse
    raise self.error(token, e)
  File "D:\OWN PROJECTS\PETROX BUKAVU\CODEBASE\Petrox\venv\Lib\site-packages\django\template\base.py", line 511, in parse
    compiled_result = compile_func(self, token)
  File "D:\OWN PROJECTS\PETROX BUKAVU\CODEBASE\Petrox\venv\Lib\site-packages\django\template\loader_tags.py", line 293, in do_extends
    nodelist = parser.parse()
  File "D:\OWN PROJECTS\PETROX BUKAVU\CODEBASE\Petrox\venv\Lib\site-packages\django\template\base.py", line 513, in parse
    raise self.error(token, e)
  File "D:\OWN PROJECTS\PETROX BUKAVU\CODEBASE\Petrox\venv\Lib\site-packages\django\template\base.py", line 511, in parse
    compiled_result = compile_func(self, token)
  File "D:\OWN PROJECTS\PETROX BUKAVU\CODEBASE\Petrox\venv\Lib\site-packages\django\template\loader_tags.py", line 232, in do_block
    nodelist = parser.parse(("endblock",))
  File "D:\OWN PROJECTS\PETROX BUKAVU\CODEBASE\Petrox\venv\Lib\site-packages\django\template\base.py", line 513, in parse
    raise self.error(token, e)
  File "D:\OWN PROJECTS\PETROX BUKAVU\CODEBASE\Petrox\venv\Lib\site-packages\django\template\base.py", line 511, in parse
    compiled_result = compile_func(self, token)
  File "D:\OWN PROJECTS\PETROX BUKAVU\CODEBASE\Petrox\venv\Lib\site-packages\django\template\defaulttags.py", line 853, in do_for
    nodelist_loop = parser.parse(
        (
    ...<2 lines>...
        )
    )
  File "D:\OWN PROJECTS\PETROX BUKAVU\CODEBASE\Petrox\venv\Lib\site-packages\django\template\base.py", line 484, in parse
    raise self.error(token, e)
  File "D:\OWN PROJECTS\PETROX BUKAVU\CODEBASE\Petrox\venv\Lib\site-packages\django\template\base.py", line 482, in parse
    filter_expression = self.compile_filter(token.contents)
  File "D:\OWN PROJECTS\PETROX BUKAVU\CODEBASE\Petrox\venv\Lib\site-packages\django\template\base.py", line 600, in compile_filter
    return FilterExpression(token, self)
  File "D:\OWN PROJECTS\PETROX BUKAVU\CODEBASE\Petrox\venv\Lib\site-packages\django\template\base.py", line 703, in __init__
    raise TemplateSyntaxError(
    ...<2 lines>...
    )
django.template.exceptions.TemplateSyntaxError: Could not parse the remainder: '[:2]' from 'branch.code[:2]'
ERROR 2026-01-22 15:54:36,641 basehttp 14696 8864 "GET /dashboard/branches/ HTTP/1.1" 500 278809
INFO 2026-01-22 15:55:40,001 basehttp 14696 18744 "GET /dashboard/branches/ HTTP/1.1" 200 54566
INFO 2026-01-22 15:55:40,656 basehttp 14696 18744 "GET /dashboard/api/users/?role=manager&assigned=false HTTP/1.1" 200 42
INFO 2026-01-22 15:57:42,509 basehttp 14696 26828 "POST /dashboard/api/branches/create/ HTTP/1.1" 200 129
INFO 2026-01-22 15:57:43,737 basehttp 14696 26828 "GET /dashboard/branches/ HTTP/1.1" 200 59613
INFO 2026-01-22 15:57:43,971 basehttp 14696 26828 "GET /dashboard/api/users/?role=manager&assigned=false HTTP/1.1" 200 42
INFO 2026-01-22 15:58:00,156 basehttp 14696 26828 "GET /dashboard/ HTTP/1.1" 200 52092
INFO 2026-01-22 15:58:00,524 basehttp 14696 26828 "GET /dashboard/api/stats/?branche_id=all&period=month&devise=USD HTTP/1.1" 200 763
INFO 2026-01-22 15:58:05,263 basehttp 14696 26828 "GET /dashboard/api/stats/?branche_id=all&period=month&devise=USD HTTP/1.1" 200 763
INFO 2026-01-22 15:58:09,777 basehttp 14696 26828 "GET /dashboard/api/stats/?branche_id=all&period=month&devise=USD HTTP/1.1" 200 763
INFO 2026-01-22 15:58:10,584 basehttp 14696 26828 "GET /dashboard/branches/ HTTP/1.1" 200 59613
INFO 2026-01-22 15:58:11,005 basehttp 14696 26828 "GET /dashboard/api/users/?role=manager&assigned=false HTTP/1.1" 200 42
ERROR 2026-01-22 15:58:12,709 log 14696 26828 Internal Server Error: /dashboard/branches/1/
Traceback (most recent call last):
  File "D:\OWN PROJECTS\PETROX BUKAVU\CODEBASE\Petrox\venv\Lib\site-packages\django\template\backends\django.py", line 61, in render
    return self.template.render(context)
           ~~~~~~~~~~~~~~~~~~~~^^^^^^^^^
  File "D:\OWN PROJECTS\PETROX BUKAVU\CODEBASE\Petrox\venv\Lib\site-packages\django\template\base.py", line 175, in render
    return self._render(context)
           ~~~~~~~~~~~~^^^^^^^^^
  File "D:\OWN PROJECTS\PETROX BUKAVU\CODEBASE\Petrox\venv\Lib\site-packages\django\template\base.py", line 167, in _render
    return self.nodelist.render(context)
           ~~~~~~~~~~~~~~~~~~~~^^^^^^^^^
  File "D:\OWN PROJECTS\PETROX BUKAVU\CODEBASE\Petrox\venv\Lib\site-packages\django\template\base.py", line 1005, in render
    return SafeString("".join([node.render_annotated(context) for node in self]))
                               ~~~~~~~~~~~~~~~~~~~~~^^^^^^^^^
  File "D:\OWN PROJECTS\PETROX BUKAVU\CODEBASE\Petrox\venv\Lib\site-packages\django\template\base.py", line 966, in render_annotated
    return self.render(context)
           ~~~~~~~~~~~^^^^^^^^^
  File "D:\OWN PROJECTS\PETROX BUKAVU\CODEBASE\Petrox\venv\Lib\site-packages\django\template\loader_tags.py", line 132, in render
    compiled_parent = self.get_parent(context)
  File "D:\OWN PROJECTS\PETROX BUKAVU\CODEBASE\Petrox\venv\Lib\site-packages\django\template\loader_tags.py", line 129, in get_parent
    return self.find_template(parent, context)
           ~~~~~~~~~~~~~~~~~~^^^^^^^^^^^^^^^^^
  File "D:\OWN PROJECTS\PETROX BUKAVU\CODEBASE\Petrox\venv\Lib\site-packages\django\template\loader_tags.py", line 107, in find_template
    template, origin = context.template.engine.find_template(
                       ~~~~~~~~~~~~~~~~~~~~~~~~~~~~~~~~~~~~~^
        template_name,
        ^^^^^^^^^^^^^^
        skip=history,
        ^^^^^^^^^^^^^
    )
    ^
  File "D:\OWN PROJECTS\PETROX BUKAVU\CODEBASE\Petrox\venv\Lib\site-packages\django\template\engine.py", line 161, in find_template
    raise TemplateDoesNotExist(name, tried=tried)
django.template.exceptions.TemplateDoesNotExist: base.html

The above exception was the direct cause of the following exception:

Traceback (most recent call last):
  File "D:\OWN PROJECTS\PETROX BUKAVU\CODEBASE\Petrox\venv\Lib\site-packages\django\core\handlers\exception.py", line 55, in inner
    response = get_response(request)
  File "D:\OWN PROJECTS\PETROX BUKAVU\CODEBASE\Petrox\venv\Lib\site-packages\django\core\handlers\base.py", line 220, in _get_response
    response = response.render()
  File "D:\OWN PROJECTS\PETROX BUKAVU\CODEBASE\Petrox\venv\Lib\site-packages\django\template\response.py", line 114, in render
    self.content = self.rendered_content
                   ^^^^^^^^^^^^^^^^^^^^^
  File "D:\OWN PROJECTS\PETROX BUKAVU\CODEBASE\Petrox\venv\Lib\site-packages\django\template\response.py", line 92, in rendered_content
    return template.render(context, self._request)
           ~~~~~~~~~~~~~~~^^^^^^^^^^^^^^^^^^^^^^^^
  File "D:\OWN PROJECTS\PETROX BUKAVU\CODEBASE\Petrox\venv\Lib\site-packages\django\template\backends\django.py", line 63, in render
    reraise(exc, self.backend)
    ~~~~~~~^^^^^^^^^^^^^^^^^^^
  File "D:\OWN PROJECTS\PETROX BUKAVU\CODEBASE\Petrox\venv\Lib\site-packages\django\template\backends\django.py", line 84, in reraise
    raise new from exc
django.template.exceptions.TemplateDoesNotExist: base.html
ERROR 2026-01-22 15:58:12,716 basehttp 14696 26828 "GET /dashboard/branches/1/ HTTP/1.1" 500 141427
INFO 2026-01-22 15:58:36,869 basehttp 14696 7780 "GET /dashboard/branches/1/ HTTP/1.1" 200 33724
INFO 2026-01-22 15:58:46,407 basehttp 14696 29412 "GET /dashboard/branches/ HTTP/1.1" 200 59613
INFO 2026-01-22 15:58:46,831 basehttp 14696 29412 "GET /dashboard/api/users/?role=manager&assigned=false HTTP/1.1" 200 42
INFO 2026-01-22 15:58:49,605 basehttp 14696 29552 "GET /dashboard/api/branches/1/ HTTP/1.1" 200 332
INFO 2026-01-22 15:58:54,640 basehttp 14696 29552 "GET /dashboard/branches/1/ HTTP/1.1" 200 33724
INFO 2026-01-22 15:58:58,148 basehttp 14696 3896 "GET /dashboard/carburants/?branche_id=1 HTTP/1.1" 200 37164
INFO 2026-01-22 15:59:00,449 basehttp 14696 3896 "GET /dashboard/branches/ HTTP/1.1" 200 59613
INFO 2026-01-22 15:59:00,654 basehttp 14696 3896 "GET /dashboard/api/users/?role=manager&assigned=false HTTP/1.1" 200 42
INFO 2026-01-22 15:59:04,366 basehttp 14696 3896 "GET /dashboard/branches/1/ HTTP/1.1" 200 33724
INFO 2026-01-22 16:04:02,515 basehttp 14696 10420 "GET /dashboard/ventes/?branche_id=1 HTTP/1.1" 200 36061
INFO 2026-01-22 16:04:12,989 basehttp 14696 9504 "GET /dashboard/branches/ HTTP/1.1" 200 59613
INFO 2026-01-22 16:04:13,336 basehttp 14696 9504 "GET /dashboard/api/users/?role=manager&assigned=false HTTP/1.1" 200 42
INFO 2026-01-22 16:04:18,458 basehttp 14696 24156 "GET /dashboard/branches/1/ HTTP/1.1" 200 33724
INFO 2026-01-22 16:04:38,252 basehttp 14696 8068 "GET /dashboard/branches/1/ HTTP/1.1" 200 33733
INFO 2026-01-22 16:06:13,397 basehttp 14696 284 "GET /dashboard/ventes/ HTTP/1.1" 200 36055
INFO 2026-01-22 16:15:25,674 basehttp 14696 24364 "GET /dashboard/depenses/ HTTP/1.1" 200 42399
INFO 2026-01-22 16:23:25,101 basehttp 14696 9576 "GET /dashboard/depenses/ HTTP/1.1" 200 58357
WARNING 2026-01-22 16:26:53,292 log 14696 28276 Not Found: /dashboard/api/categories/create/
WARNING 2026-01-22 16:26:53,295 basehttp 14696 28276 "POST /dashboard/api/categories/create/ HTTP/1.1" 404 7874
INFO 2026-01-22 16:27:00,854 autoreload 14696 3268 D:\OWN PROJECTS\PETROX BUKAVU\CODEBASE\Petrox\apps\admin_module\urls.py changed, reloading.
INFO 2026-01-22 16:27:02,530 autoreload 10840 22200 Watching for file changes with StatReloader
INFO 2026-01-22 23:22:24,802 autoreload 10840 22200 D:\OWN PROJECTS\PETROX BUKAVU\CODEBASE\Petrox\apps\admin_module\views.py changed, reloading.
INFO 2026-01-22 23:22:26,829 autoreload 24636 18524 Watching for file changes with StatReloader
INFO 2026-01-22 23:22:43,969 autoreload 24636 18524 D:\OWN PROJECTS\PETROX BUKAVU\CODEBASE\Petrox\apps\admin_module\views.py changed, reloading.
INFO 2026-01-22 23:22:44,801 autoreload 17840 22304 Watching for file changes with StatReloader
INFO 2026-01-22 23:22:52,840 basehttp 17840 17416 "GET /dashboard/depenses/ HTTP/1.1" 200 58357
INFO 2026-01-22 23:24:06,774 basehttp 17840 10736 "POST /dashboard/api/categories/create/ HTTP/1.1" 200 246
INFO 2026-01-22 23:24:08,039 basehttp 17840 10736 "GET /dashboard/depenses/ HTTP/1.1" 200 59508
INFO 2026-01-22 23:25:37,559 basehttp 17840 22048 "POST /dashboard/api/depenses/create/ HTTP/1.1" 200 189
INFO 2026-01-22 23:25:38,677 basehttp 17840 22048 "GET /dashboard/depenses/ HTTP/1.1" 200 63301
INFO 2026-01-22 23:25:47,975 basehttp 17840 26916 "GET /dashboard/api/depenses/1/ HTTP/1.1" 200 333
INFO 2026-01-22 23:25:59,832 basehttp 17840 24912 "GET /dashboard/ HTTP/1.1" 200 52092
INFO 2026-01-22 23:26:00,182 basehttp 17840 24912 "GET /dashboard/api/stats/?branche_id=all&period=month&devise=USD HTTP/1.1" 200 957
INFO 2026-01-22 23:26:15,802 basehttp 17840 1824 "GET /dashboard/api/stats/?branche_id=all&period=today&devise=USD HTTP/1.1" 200 957
INFO 2026-01-22 23:26:18,646 basehttp 17840 1824 "GET /dashboard/api/stats/?branche_id=all&period=today&devise=FC HTTP/1.1" 200 762
INFO 2026-01-22 23:26:26,090 basehttp 17840 22200 "GET /dashboard/api/stats/?branche_id=all&period=today&devise=USD HTTP/1.1" 200 957
WARNING 2026-01-22 23:26:35,711 log 17840 28304 Not Found: /.well-known/appspecific/com.chrome.devtools.json
WARNING 2026-01-22 23:26:35,712 basehttp 17840 28304 "GET /.well-known/appspecific/com.chrome.devtools.json HTTP/1.1" 404 3138
INFO 2026-01-22 23:26:56,451 basehttp 17840 19516 "GET /dashboard/branches/ HTTP/1.1" 200 59613
INFO 2026-01-22 23:26:56,802 basehttp 17840 19516 "GET /dashboard/api/users/?role=manager&assigned=false HTTP/1.1" 200 42
INFO 2026-01-22 23:27:03,440 basehttp 17840 9820 "GET /dashboard/branches/1/ HTTP/1.1" 200 33734
INFO 2026-01-22 23:27:14,631 basehttp 17840 9640 "GET /dashboard/ventes/ HTTP/1.1" 200 36055
INFO 2026-01-22 23:27:20,550 basehttp 17840 23344 "GET /dashboard/depenses/ HTTP/1.1" 200 63301
INFO 2026-01-22 23:33:16,403 basehttp 17840 8828 "GET /dashboard/depenses/ HTTP/1.1" 200 63301
INFO 2026-01-22 23:33:38,470 basehttp 17840 16108 "GET /dashboard/ventes/ HTTP/1.1" 200 36055
INFO 2026-01-22 23:33:46,856 basehttp 17840 16108 "GET /dashboard/ventes/ HTTP/1.1" 200 43974
INFO 2026-01-22 23:42:06,622 autoreload 17840 22304 D:\OWN PROJECTS\PETROX BUKAVU\CODEBASE\Petrox\apps\admin_module\views.py changed, reloading.
INFO 2026-01-22 23:42:08,831 autoreload 1680 28460 Watching for file changes with StatReloader
INFO 2026-01-22 23:42:18,836 basehttp 1680 15584 "GET /dashboard/ventes/ HTTP/1.1" 200 43974
INFO 2026-01-22 23:42:37,294 basehttp 1680 10928 "GET /dashboard/depenses/ HTTP/1.1" 200 63301
INFO 2026-01-22 23:42:40,278 basehttp 1680 10680 "GET /dashboard/carburants/ HTTP/1.1" 200 37158
INFO 2026-01-22 23:45:05,092 autoreload 1680 28460 D:\OWN PROJECTS\PETROX BUKAVU\CODEBASE\Petrox\apps\admin_module\urls.py changed, reloading.
INFO 2026-01-22 23:45:06,824 autoreload 8000 10060 Watching for file changes with StatReloader
INFO 2026-01-22 23:53:02,074 basehttp 8000 28692 "GET /dashboard/utilisateurs/ HTTP/1.1" 200 51351
INFO 2026-01-22 23:54:03,385 basehttp 8000 14196 "GET /auth/logout/ HTTP/1.1" 302 0
INFO 2026-01-22 23:54:03,570 basehttp 8000 14196 "GET /auth/login/ HTTP/1.1" 200 7758
INFO 2026-01-22 23:54:13,080 basehttp 8000 26728 "GET /auth/login/ HTTP/1.1" 200 7210
INFO 2026-01-22 23:54:26,176 basehttp 8000 7260 "POST /auth/login/ HTTP/1.1" 302 0
INFO 2026-01-22 23:54:26,513 basehttp 8000 7260 "GET /dashboard/ HTTP/1.1" 200 52092
INFO 2026-01-22 23:54:26,892 basehttp 8000 7260 "GET /dashboard/api/stats/?branche_id=all&period=month&devise=USD HTTP/1.1" 200 957
INFO 2026-01-22 23:54:33,953 basehttp 8000 26424 "GET /dashboard/branches/ HTTP/1.1" 200 59613
INFO 2026-01-22 23:54:34,268 basehttp 8000 26424 "GET /dashboard/api/users/?role=manager&assigned=false HTTP/1.1" 200 42
INFO 2026-01-22 23:55:33,728 autoreload 8000 10060 D:\OWN PROJECTS\PETROX BUKAVU\CODEBASE\Petrox\apps\admin_module\urls.py changed, reloading.
INFO 2026-01-22 23:55:36,208 autoreload 29520 29420 Watching for file changes with StatReloader
INFO 2026-01-22 23:58:12,553 autoreload 29520 29420 D:\OWN PROJECTS\PETROX BUKAVU\CODEBASE\Petrox\apps\admin_module\urls.py changed, reloading.
INFO 2026-01-22 23:58:13,979 autoreload 1472 18812 Watching for file changes with StatReloader
INFO 2026-01-23 12:46:14,270 autoreload 1472 18812 D:\OWN PROJECTS\PETROX BUKAVU\CODEBASE\Petrox\apps\admin_module\urls.py changed, reloading.
INFO 2026-01-23 12:46:17,777 autoreload 26360 21692 Watching for file changes with StatReloader
INFO 2026-01-23 12:46:19,839 basehttp 26360 25100 "GET /dashboard/ventes/ HTTP/1.1" 200 43974
INFO 2026-01-23 12:46:23,263 basehttp 26360 25100 "GET /dashboard/utilisateurs/ HTTP/1.1" 200 51351
INFO 2026-01-23 17:11:49,101 basehttp 26360 21452 "GET /dashboard/utilisateurs/ HTTP/1.1" 200 83003
WARNING 2026-01-23 17:11:58,251 log 26360 11136 Not Found: /dashboard/api/users/2/
WARNING 2026-01-23 17:11:58,253 basehttp 26360 11136 "GET /dashboard/api/users/2/ HTTP/1.1" 404 12151
WARNING 2026-01-23 17:11:59,247 log 26360 11136 Not Found: /dashboard/api/users/2/
WARNING 2026-01-23 17:11:59,249 basehttp 26360 11136 "GET /dashboard/api/users/2/ HTTP/1.1" 404 12151
WARNING 2026-01-23 17:12:00,041 log 26360 11136 Not Found: /dashboard/api/users/2/
WARNING 2026-01-23 17:12:00,044 basehttp 26360 11136 "GET /dashboard/api/users/2/ HTTP/1.1" 404 12151
WARNING 2026-01-23 17:15:16,556 log 26360 21812 Not Found: /dashboard/api/users/create/
WARNING 2026-01-23 17:15:16,561 basehttp 26360 21812 "POST /dashboard/api/users/create/ HTTP/1.1" 404 12167
INFO 2026-01-23 17:24:58,397 autoreload 26360 21692 D:\OWN PROJECTS\PETROX BUKAVU\CODEBASE\Petrox\apps\admin_module\views.py changed, reloading.
INFO 2026-01-23 17:25:02,210 autoreload 16092 20252 Watching for file changes with StatReloader
INFO 2026-01-23 17:25:25,977 autoreload 16092 20252 D:\OWN PROJECTS\PETROX BUKAVU\CODEBASE\Petrox\apps\admin_module\urls.py changed, reloading.
INFO 2026-01-23 17:25:28,425 autoreload 23864 20024 Watching for file changes with StatReloader
INFO 2026-01-23 17:25:37,248 autoreload 23864 20024 D:\OWN PROJECTS\PETROX BUKAVU\CODEBASE\Petrox\apps\admin_module\urls.py changed, reloading.
INFO 2026-01-23 17:25:39,319 autoreload 4892 25596 Watching for file changes with StatReloader
INFO 2026-01-23 17:25:49,440 basehttp 4892 27412 "POST /dashboard/api/users/create/ HTTP/1.1" 200 228
INFO 2026-01-23 17:25:52,214 basehttp 4892 27412 "GET /dashboard/utilisateurs/ HTTP/1.1" 200 88080
INFO 2026-01-23 17:25:58,713 basehttp 4892 20876 "GET /dashboard/api/users/3/ HTTP/1.1" 200 503
INFO 2026-01-23 17:26:43,956 basehttp 4892 16028 "GET /dashboard/branches/ HTTP/1.1" 200 59613
INFO 2026-01-23 17:26:44,561 basehttp 4892 16028 "GET /dashboard/api/users/?role=manager&assigned=false HTTP/1.1" 200 42
INFO 2026-01-23 17:26:48,054 basehttp 4892 16028 "GET /dashboard/branches/ HTTP/1.1" 200 59613
INFO 2026-01-23 17:26:48,510 basehttp 4892 16028 "GET /dashboard/api/users/?role=manager&assigned=false HTTP/1.1" 200 42
INFO 2026-01-23 17:26:55,183 basehttp 4892 16028 "GET /dashboard/api/branches/1/ HTTP/1.1" 200 332
INFO 2026-01-23 17:27:35,939 basehttp 4892 11144 "GET / HTTP/1.1" 302 0
INFO 2026-01-23 17:27:36,318 basehttp 4892 11144 "GET /auth/login/ HTTP/1.1" 200 7210
WARNING 2026-01-23 17:27:38,555 log 4892 11144 Not Found: /favicon.ico
WARNING 2026-01-23 17:27:38,558 basehttp 4892 11144 "GET /favicon.ico HTTP/1.1" 404 3027
INFO 2026-01-23 17:27:52,986 basehttp 4892 11144 "POST /auth/login/ HTTP/1.1" 302 0
ERROR 2026-01-23 17:27:54,035 log 4892 11144 Internal Server Error: /manager/
Traceback (most recent call last):
  File "D:\OWN PROJECTS\PETROX BUKAVU\CODEBASE\Petrox\venv\Lib\site-packages\django\template\backends\django.py", line 61, in render
    return self.template.render(context)
           ~~~~~~~~~~~~~~~~~~~~^^^^^^^^^
  File "D:\OWN PROJECTS\PETROX BUKAVU\CODEBASE\Petrox\venv\Lib\site-packages\django\template\base.py", line 175, in render
    return self._render(context)
           ~~~~~~~~~~~~^^^^^^^^^
  File "D:\OWN PROJECTS\PETROX BUKAVU\CODEBASE\Petrox\venv\Lib\site-packages\django\template\base.py", line 167, in _render
    return self.nodelist.render(context)
           ~~~~~~~~~~~~~~~~~~~~^^^^^^^^^
  File "D:\OWN PROJECTS\PETROX BUKAVU\CODEBASE\Petrox\venv\Lib\site-packages\django\template\base.py", line 1005, in render
    return SafeString("".join([node.render_annotated(context) for node in self]))
                               ~~~~~~~~~~~~~~~~~~~~~^^^^^^^^^
  File "D:\OWN PROJECTS\PETROX BUKAVU\CODEBASE\Petrox\venv\Lib\site-packages\django\template\base.py", line 966, in render_annotated
    return self.render(context)
           ~~~~~~~~~~~^^^^^^^^^
  File "D:\OWN PROJECTS\PETROX BUKAVU\CODEBASE\Petrox\venv\Lib\site-packages\django\template\loader_tags.py", line 132, in render
    compiled_parent = self.get_parent(context)
  File "D:\OWN PROJECTS\PETROX BUKAVU\CODEBASE\Petrox\venv\Lib\site-packages\django\template\loader_tags.py", line 129, in get_parent
    return self.find_template(parent, context)
           ~~~~~~~~~~~~~~~~~~^^^^^^^^^^^^^^^^^
  File "D:\OWN PROJECTS\PETROX BUKAVU\CODEBASE\Petrox\venv\Lib\site-packages\django\template\loader_tags.py", line 107, in find_template
    template, origin = context.template.engine.find_template(
                       ~~~~~~~~~~~~~~~~~~~~~~~~~~~~~~~~~~~~~^
        template_name,
        ^^^^^^^^^^^^^^
        skip=history,
        ^^^^^^^^^^^^^
    )
    ^
  File "D:\OWN PROJECTS\PETROX BUKAVU\CODEBASE\Petrox\venv\Lib\site-packages\django\template\engine.py", line 161, in find_template
    raise TemplateDoesNotExist(name, tried=tried)
django.template.exceptions.TemplateDoesNotExist: base.html

The above exception was the direct cause of the following exception:

Traceback (most recent call last):
  File "D:\OWN PROJECTS\PETROX BUKAVU\CODEBASE\Petrox\venv\Lib\site-packages\django\core\handlers\exception.py", line 55, in inner
    response = get_response(request)
  File "D:\OWN PROJECTS\PETROX BUKAVU\CODEBASE\Petrox\venv\Lib\site-packages\django\core\handlers\base.py", line 220, in _get_response
    response = response.render()
  File "D:\OWN PROJECTS\PETROX BUKAVU\CODEBASE\Petrox\venv\Lib\site-packages\django\template\response.py", line 114, in render
    self.content = self.rendered_content
                   ^^^^^^^^^^^^^^^^^^^^^
  File "D:\OWN PROJECTS\PETROX BUKAVU\CODEBASE\Petrox\venv\Lib\site-packages\django\template\response.py", line 92, in rendered_content
    return template.render(context, self._request)
           ~~~~~~~~~~~~~~~^^^^^^^^^^^^^^^^^^^^^^^^
  File "D:\OWN PROJECTS\PETROX BUKAVU\CODEBASE\Petrox\venv\Lib\site-packages\django\template\backends\django.py", line 63, in render
    reraise(exc, self.backend)
    ~~~~~~~^^^^^^^^^^^^^^^^^^^
  File "D:\OWN PROJECTS\PETROX BUKAVU\CODEBASE\Petrox\venv\Lib\site-packages\django\template\backends\django.py", line 84, in reraise
    raise new from exc
django.template.exceptions.TemplateDoesNotExist: base.html
ERROR 2026-01-23 17:27:54,057 basehttp 4892 11144 "GET /manager/ HTTP/1.1" 500 135606
ERROR 2026-01-23 17:28:26,715 log 4892 11144 Internal Server Error: /manager/
Traceback (most recent call last):
  File "D:\OWN PROJECTS\PETROX BUKAVU\CODEBASE\Petrox\venv\Lib\site-packages\django\template\backends\django.py", line 61, in render
    return self.template.render(context)
           ~~~~~~~~~~~~~~~~~~~~^^^^^^^^^
  File "D:\OWN PROJECTS\PETROX BUKAVU\CODEBASE\Petrox\venv\Lib\site-packages\django\template\base.py", line 175, in render
    return self._render(context)
           ~~~~~~~~~~~~^^^^^^^^^
  File "D:\OWN PROJECTS\PETROX BUKAVU\CODEBASE\Petrox\venv\Lib\site-packages\django\template\base.py", line 167, in _render
    return self.nodelist.render(context)
           ~~~~~~~~~~~~~~~~~~~~^^^^^^^^^
  File "D:\OWN PROJECTS\PETROX BUKAVU\CODEBASE\Petrox\venv\Lib\site-packages\django\template\base.py", line 1005, in render
    return SafeString("".join([node.render_annotated(context) for node in self]))
                               ~~~~~~~~~~~~~~~~~~~~~^^^^^^^^^
  File "D:\OWN PROJECTS\PETROX BUKAVU\CODEBASE\Petrox\venv\Lib\site-packages\django\template\base.py", line 966, in render_annotated
    return self.render(context)
           ~~~~~~~~~~~^^^^^^^^^
  File "D:\OWN PROJECTS\PETROX BUKAVU\CODEBASE\Petrox\venv\Lib\site-packages\django\template\loader_tags.py", line 132, in render
    compiled_parent = self.get_parent(context)
  File "D:\OWN PROJECTS\PETROX BUKAVU\CODEBASE\Petrox\venv\Lib\site-packages\django\template\loader_tags.py", line 129, in get_parent
    return self.find_template(parent, context)
           ~~~~~~~~~~~~~~~~~~^^^^^^^^^^^^^^^^^
  File "D:\OWN PROJECTS\PETROX BUKAVU\CODEBASE\Petrox\venv\Lib\site-packages\django\template\loader_tags.py", line 107, in find_template
    template, origin = context.template.engine.find_template(
                       ~~~~~~~~~~~~~~~~~~~~~~~~~~~~~~~~~~~~~^
        template_name,
        ^^^^^^^^^^^^^^
        skip=history,
        ^^^^^^^^^^^^^
    )
    ^
  File "D:\OWN PROJECTS\PETROX BUKAVU\CODEBASE\Petrox\venv\Lib\site-packages\django\template\engine.py", line 161, in find_template
    raise TemplateDoesNotExist(name, tried=tried)
django.template.exceptions.TemplateDoesNotExist: base.html

The above exception was the direct cause of the following exception:

Traceback (most recent call last):
  File "D:\OWN PROJECTS\PETROX BUKAVU\CODEBASE\Petrox\venv\Lib\site-packages\django\core\handlers\exception.py", line 55, in inner
    response = get_response(request)
  File "D:\OWN PROJECTS\PETROX BUKAVU\CODEBASE\Petrox\venv\Lib\site-packages\django\core\handlers\base.py", line 220, in _get_response
    response = response.render()
  File "D:\OWN PROJECTS\PETROX BUKAVU\CODEBASE\Petrox\venv\Lib\site-packages\django\template\response.py", line 114, in render
    self.content = self.rendered_content
                   ^^^^^^^^^^^^^^^^^^^^^
  File "D:\OWN PROJECTS\PETROX BUKAVU\CODEBASE\Petrox\venv\Lib\site-packages\django\template\response.py", line 92, in rendered_content
    return template.render(context, self._request)
           ~~~~~~~~~~~~~~~^^^^^^^^^^^^^^^^^^^^^^^^
  File "D:\OWN PROJECTS\PETROX BUKAVU\CODEBASE\Petrox\venv\Lib\site-packages\django\template\backends\django.py", line 63, in render
    reraise(exc, self.backend)
    ~~~~~~~^^^^^^^^^^^^^^^^^^^
  File "D:\OWN PROJECTS\PETROX BUKAVU\CODEBASE\Petrox\venv\Lib\site-packages\django\template\backends\django.py", line 84, in reraise
    raise new from exc
django.template.exceptions.TemplateDoesNotExist: base.html
ERROR 2026-01-23 17:28:26,749 basehttp 4892 11144 "GET /manager/ HTTP/1.1" 500 135606
INFO 2026-01-23 17:29:04,947 basehttp 4892 11144 "GET /manager/ HTTP/1.1" 200 52933
INFO 2026-01-23 17:29:06,594 basehttp 4892 11144 "GET /manager/api/stats/ HTTP/1.1" 200 309
INFO 2026-01-23 17:29:06,879 basehttp 4892 20064 "GET /manager/api/stock/ HTTP/1.1" 200 19
INFO 2026-01-23 17:29:07,014 basehttp 4892 11144 "GET /manager/api/sales/ HTTP/1.1" 200 13
INFO 2026-01-23 17:30:17,316 basehttp 4892 11144 "GET /auth/logout/ HTTP/1.1" 302 0
INFO 2026-01-23 17:30:17,342 basehttp 4892 11144 "GET /auth/login/ HTTP/1.1" 200 7752
INFO 2026-01-23 17:30:46,893 basehttp 4892 22940 "GET /dashboard/utilisateurs/ HTTP/1.1" 200 88080
INFO 2026-01-23 17:31:06,048 basehttp 4892 15464 "GET /dashboard/api/users/2/ HTTP/1.1" 200 503
INFO 2026-01-23 17:31:13,578 basehttp 4892 10172 "GET /dashboard/api/users/3/ HTTP/1.1" 200 513
INFO 2026-01-23 17:31:19,426 basehttp 4892 22520 "GET /dashboard/api/users/2/ HTTP/1.1" 200 503
INFO 2026-01-23 17:31:24,075 basehttp 4892 22520 "GET /dashboard/api/users/3/ HTTP/1.1" 200 513
INFO 2026-01-23 17:31:42,545 basehttp 4892 22384 "POST /dashboard/api/users/3/reset-password/ HTTP/1.1" 200 137
INFO 2026-01-23 17:32:20,702 basehttp 4892 2600 "GET /dashboard/api/users/3/ HTTP/1.1" 200 513
INFO 2026-01-23 17:34:54,102 basehttp 4892 23272 "PATCH /dashboard/api/users/3/toggle-active/ HTTP/1.1" 200 100
INFO 2026-01-23 17:34:55,455 basehttp 4892 23272 "GET /dashboard/utilisateurs/ HTTP/1.1" 200 88024
INFO 2026-01-23 17:35:06,703 basehttp 4892 12428 "GET / HTTP/1.1" 302 0
INFO 2026-01-23 17:35:06,732 basehttp 4892 12428 "GET /auth/login/ HTTP/1.1" 200 7210
WARNING 2026-01-23 17:35:07,396 log 4892 12428 Not Found: /favicon.ico
WARNING 2026-01-23 17:35:07,397 basehttp 4892 12428 "GET /favicon.ico HTTP/1.1" 404 3027
INFO 2026-01-23 17:35:28,820 basehttp 4892 12428 "POST /auth/login/ HTTP/1.1" 200 7508
INFO 2026-01-23 17:35:43,872 basehttp 4892 24512 "PATCH /dashboard/api/users/3/toggle-active/ HTTP/1.1" 200 91
INFO 2026-01-23 17:35:45,408 basehttp 4892 24512 "GET /dashboard/utilisateurs/ HTTP/1.1" 200 88080
INFO 2026-01-23 17:36:03,485 basehttp 4892 12428 "POST /auth/login/ HTTP/1.1" 302 0
INFO 2026-01-23 17:36:03,684 basehttp 4892 12428 "GET /manager/ HTTP/1.1" 200 52933
INFO 2026-01-23 17:36:04,420 basehttp 4892 12428 "GET /manager/api/stats/ HTTP/1.1" 200 309
INFO 2026-01-23 17:36:04,708 basehttp 4892 24976 "GET /manager/api/stock/ HTTP/1.1" 200 19
INFO 2026-01-23 17:36:04,739 basehttp 4892 12428 "GET /manager/api/sales/ HTTP/1.1" 200 13
INFO 2026-01-23 17:36:10,040 basehttp 4892 27552 "PATCH /dashboard/api/users/3/toggle-active/ HTTP/1.1" 200 100
INFO 2026-01-23 17:36:11,483 basehttp 4892 27552 "GET /dashboard/utilisateurs/ HTTP/1.1" 200 88024
INFO 2026-01-23 17:36:15,831 basehttp 4892 12428 "GET /manager/ HTTP/1.1" 302 0
INFO 2026-01-23 17:36:16,025 basehttp 4892 12428 "GET /auth/login/?next=/manager/ HTTP/1.1" 200 7521
INFO 2026-01-23 17:36:25,226 basehttp 4892 28280 "PATCH /dashboard/api/users/3/toggle-active/ HTTP/1.1" 200 91
INFO 2026-01-23 17:36:26,458 basehttp 4892 28280 "GET /dashboard/utilisateurs/ HTTP/1.1" 200 88080
INFO 2026-01-23 17:41:46,319 autoreload 4892 25596 D:\OWN PROJECTS\PETROX BUKAVU\CODEBASE\Petrox\apps\admin_module\views.py changed, reloading.
INFO 2026-01-23 17:41:51,579 autoreload 17836 29376 Watching for file changes with StatReloader
INFO 2026-01-23 17:41:56,629 autoreload 17836 29376 D:\OWN PROJECTS\PETROX BUKAVU\CODEBASE\Petrox\apps\admin_module\urls.py changed, reloading.
INFO 2026-01-23 17:41:59,050 autoreload 22028 9756 Watching for file changes with StatReloader
INFO 2026-01-23 17:42:00,798 basehttp 22028 23836 "GET /dashboard/utilisateurs/ HTTP/1.1" 200 108844
INFO 2026-01-23 17:42:06,046 basehttp 22028 23836 "GET /dashboard/api/users/3/ HTTP/1.1" 200 513
ERROR 2026-01-23 17:43:25,096 log 22028 3904 Internal Server Error: /dashboard/api/pompistes/create/
ERROR 2026-01-23 17:43:25,099 basehttp 22028 3904 "POST /dashboard/api/pompistes/create/ HTTP/1.1" 500 102
ERROR 2026-01-23 17:43:32,231 log 22028 3904 Internal Server Error: /dashboard/api/pompistes/create/
ERROR 2026-01-23 17:43:32,232 basehttp 22028 3904 "POST /dashboard/api/pompistes/create/ HTTP/1.1" 500 102
ERROR 2026-01-23 17:43:38,018 log 22028 19340 Internal Server Error: /dashboard/api/pompistes/create/
ERROR 2026-01-23 17:43:38,020 basehttp 22028 19340 "POST /dashboard/api/pompistes/create/ HTTP/1.1" 500 102
INFO 2026-01-23 17:46:51,571 autoreload 22028 9756 D:\OWN PROJECTS\PETROX BUKAVU\CODEBASE\Petrox\apps\core\models.py changed, reloading.
INFO 2026-01-23 17:46:55,352 autoreload 27684 16120 Watching for file changes with StatReloader
INFO 2026-01-23 17:47:46,738 autoreload 27948 23736 Watching for file changes with StatReloader
INFO 2026-01-23 17:48:34,912 basehttp 27948 22180 "POST /dashboard/api/pompistes/create/ HTTP/1.1" 200 189
INFO 2026-01-23 17:48:36,333 basehttp 27948 22180 "GET /dashboard/utilisateurs/ HTTP/1.1" 200 112942
INFO 2026-01-23 17:48:46,701 basehttp 27948 24316 "GET /dashboard/api/pompistes/1/ HTTP/1.1" 200 528
INFO 2026-01-23 17:49:03,971 basehttp 27948 9788 "GET /dashboard/api/pompistes/1/ HTTP/1.1" 200 528
INFO 2026-01-23 17:56:38,140 basehttp 27948 15700 "GET /dashboard/utilisateurs/ HTTP/1.1" 200 112942
INFO 2026-01-23 17:56:42,004 basehttp 27948 15700 "GET /dashboard/abonnes/ HTTP/1.1" 200 37046
INFO 2026-01-23 17:57:01,454 basehttp 27948 28708 "GET /dashboard/abonnes/ HTTP/1.1" 200 33117
INFO 2026-01-23 17:57:21,038 basehttp 27948 29200 "GET /dashboard/abonnes/ HTTP/1.1" 200 37046
INFO 2026-01-23 18:30:52,434 autoreload 27948 23736 D:\OWN PROJECTS\PETROX BUKAVU\CODEBASE\Petrox\apps\admin_module\views.py changed, reloading.
INFO 2026-01-23 18:30:56,239 autoreload 7524 28108 Watching for file changes with StatReloader
INFO 2026-01-23 18:34:16,058 autoreload 2272 11176 Watching for file changes with StatReloader
INFO 2026-01-23 18:34:21,792 basehttp 2272 8924 "GET /dashboard/abonnes/ HTTP/1.1" 200 69931
INFO 2026-01-23 18:35:31,973 basehttp 2272 10784 "POST /dashboard/api/abonnes/create/ HTTP/1.1" 200 206
INFO 2026-01-23 18:35:33,387 basehttp 2272 10784 "GET /dashboard/abonnes/ HTTP/1.1" 200 73725
INFO 2026-01-23 18:35:41,959 basehttp 2272 10784 "GET /dashboard/api/abonnes/1/history/ HTTP/1.1" 200 241
INFO 2026-01-23 18:35:59,049 basehttp 2272 10784 "GET /dashboard/api/abonnes/1/ HTTP/1.1" 200 528
INFO 2026-01-23 18:37:06,095 basehttp 2272 10784 "POST /dashboard/api/abonnes/1/payment/ HTTP/1.1" 200 131
INFO 2026-01-23 18:37:07,353 basehttp 2272 10784 "GET /dashboard/abonnes/ HTTP/1.1" 200 73737
INFO 2026-01-23 18:37:33,828 basehttp 2272 1128 "GET /dashboard/carburants/ HTTP/1.1" 200 37158
INFO 2026-01-23 18:40:04,045 basehttp 2272 17136 "GET /dashboard/ HTTP/1.1" 200 52092
INFO 2026-01-23 18:40:05,075 basehttp 2272 17136 "GET /dashboard/api/stats/?branche_id=all&period=month&devise=USD HTTP/1.1" 200 976
INFO 2026-01-23 18:40:15,967 basehttp 2272 2532 "GET /dashboard/api/stats/?branche_id=all&period=today&devise=USD HTTP/1.1" 200 865
INFO 2026-01-23 18:40:21,847 basehttp 2272 29652 "GET /dashboard/api/stats/?branche_id=all&period=week&devise=USD HTTP/1.1" 200 690
INFO 2026-01-23 18:40:35,051 basehttp 2272 17832 "GET /dashboard/branches/ HTTP/1.1" 200 59613
INFO 2026-01-23 18:40:35,889 basehttp 2272 17832 "GET /dashboard/api/users/?role=manager&assigned=false HTTP/1.1" 200 42
INFO 2026-01-23 18:40:38,958 basehttp 2272 17832 "GET /dashboard/branches/1/ HTTP/1.1" 200 34973
INFO 2026-01-23 18:41:06,726 basehttp 2272 28164 "GET /dashboard/ventes/?branche_id=1 HTTP/1.1" 200 43980
INFO 2026-01-23 18:41:21,350 basehttp 2272 27692 "GET /dashboard/depenses/ HTTP/1.1" 200 63301
INFO 2026-01-23 18:41:43,507 basehttp 2272 23056 "GET /dashboard/carburants/ HTTP/1.1" 200 37158
INFO 2026-01-23 18:41:46,755 basehttp 2272 23056 "GET /dashboard/abonnes/ HTTP/1.1" 200 73737
INFO 2026-01-23 18:41:59,323 basehttp 2272 11072 "GET /dashboard/utilisateurs/ HTTP/1.1" 200 112942
INFO 2026-01-23 18:42:19,701 basehttp 2272 23664 "GET /dashboard/documents/ HTTP/1.1" 200 37868
INFO 2026-01-23 18:44:17,875 basehttp 2272 18888 "GET /dashboard/carburants/ HTTP/1.1" 200 37158
INFO 2026-01-23 18:44:37,884 basehttp 2272 11224 "GET /dashboard/carburants/ HTTP/1.1" 200 36612
INFO 2026-01-23 19:00:45,008 autoreload 2272 11176 D:\OWN PROJECTS\PETROX BUKAVU\CODEBASE\Petrox\apps\admin_module\views.py changed, reloading.
INFO 2026-01-23 19:00:46,458 autoreload 19468 23588 Watching for file changes with StatReloader
INFO 2026-01-23 19:00:57,308 autoreload 19468 23588 D:\OWN PROJECTS\PETROX BUKAVU\CODEBASE\Petrox\apps\admin_module\urls.py changed, reloading.
INFO 2026-01-23 19:00:58,121 autoreload 20792 27068 Watching for file changes with StatReloader
INFO 2026-01-23 19:01:21,259 basehttp 20792 1468 "GET /dashboard/carburants/ HTTP/1.1" 200 61138
ERROR 2026-01-23 19:03:17,470 log 20792 1888 Internal Server Error: /dashboard/api/fuel-types/create/
ERROR 2026-01-23 19:03:17,471 basehttp 20792 1888 "POST /dashboard/api/fuel-types/create/ HTTP/1.1" 500 124
INFO 2026-01-23 19:03:45,923 autoreload 20792 27068 D:\OWN PROJECTS\PETROX BUKAVU\CODEBASE\Petrox\apps\core\models.py changed, reloading.
INFO 2026-01-23 19:03:46,905 autoreload 27908 21848 Watching for file changes with StatReloader
ERROR 2026-01-23 19:05:21,453 log 27908 16448 Internal Server Error: /dashboard/api/fuel-types/create/
ERROR 2026-01-23 19:05:21,454 basehttp 27908 16448 "POST /dashboard/api/fuel-types/create/ HTTP/1.1" 500 124
INFO 2026-01-23 19:06:40,186 autoreload 27908 21848 D:\OWN PROJECTS\PETROX BUKAVU\CODEBASE\Petrox\apps\core\models.py changed, reloading.
INFO 2026-01-23 19:06:41,979 autoreload 25896 26064 Watching for file changes with StatReloader
INFO 2026-01-23 19:11:57,070 autoreload 25636 5900 Watching for file changes with StatReloader
INFO 2026-01-23 19:12:02,751 basehttp 25636 28604 "POST /dashboard/api/fuel-types/create/ HTTP/1.1" 200 161
INFO 2026-01-23 19:12:03,985 basehttp 25636 28604 "GET /dashboard/carburants/ HTTP/1.1" 200 61138
INFO 2026-01-23 19:12:22,188 basehttp 25636 29648 "GET /dashboard/carburants/ HTTP/1.1" 200 61138
INFO 2026-01-23 19:13:16,003 autoreload 25636 5900 D:\OWN PROJECTS\PETROX BUKAVU\CODEBASE\Petrox\apps\core\models.py changed, reloading.
INFO 2026-01-23 19:13:17,044 autoreload 2992 28576 Watching for file changes with StatReloader
INFO 2026-01-23 19:13:41,426 basehttp 2992 20028 "GET /dashboard/carburants/ HTTP/1.1" 200 61138
INFO 2026-01-23 19:17:29,750 autoreload 2992 28576 D:\OWN PROJECTS\PETROX BUKAVU\CODEBASE\Petrox\apps\admin_module\views.py changed, reloading.
INFO 2026-01-23 19:17:32,369 autoreload 9196 17860 Watching for file changes with StatReloader
INFO 2026-01-23 19:20:26,914 basehttp 9196 7780 "GET /dashboard/carburants/ HTTP/1.1" 200 70220
INFO 2026-01-23 23:39:30,927 autoreload 17172 1372 Watching for file changes with StatReloader
INFO 2026-01-23 23:39:38,268 basehttp 17172 10836 "GET /dashboard/carburants/ HTTP/1.1" 200 70220
WARNING 2026-01-23 23:39:39,901 log 17172 10836 Not Found: /favicon.ico
WARNING 2026-01-23 23:39:39,903 basehttp 17172 10836 "GET /favicon.ico HTTP/1.1" 404 3027
INFO 2026-01-23 23:48:08,684 autoreload 17172 1372 D:\OWN PROJECTS\PETROX BUKAVU\CODEBASE\Petrox\apps\admin_module\views_templates.py changed, reloading.
INFO 2026-01-23 23:48:10,794 autoreload 10688 8840 Watching for file changes with StatReloader
INFO 2026-01-23 23:48:17,139 basehttp 10688 19040 "GET /dashboard/carburants/ HTTP/1.1" 200 71490
WARNING 2026-01-23 23:49:21,613 log 10688 18076 Not Found: /dashboard/api/stock/create/
WARNING 2026-01-23 23:49:21,616 basehttp 10688 18076 "POST /dashboard/api/stock/create/ HTTP/1.1" 404 20465
INFO 2026-01-23 23:53:38,097 autoreload 9308 18416 Watching for file changes with StatReloader
INFO 2026-01-23 23:53:43,840 autoreload 9308 18416 D:\OWN PROJECTS\PETROX BUKAVU\CODEBASE\Petrox\apps\admin_module\views.py changed, reloading.
INFO 2026-01-23 23:53:45,659 autoreload 1476 3096 Watching for file changes with StatReloader
INFO 2026-01-23 23:53:54,347 basehttp 1476 12652 "POST /dashboard/api/stock/create/ HTTP/1.1" 200 176
INFO 2026-01-23 23:53:55,974 basehttp 1476 12652 "GET /dashboard/carburants/ HTTP/1.1" 200 74632
INFO 2026-01-23 23:54:24,031 autoreload 1476 3096 D:\OWN PROJECTS\PETROX BUKAVU\CODEBASE\Petrox\apps\admin_module\urls.py changed, reloading.
INFO 2026-01-23 23:54:26,654 autoreload 7080 3940 Watching for file changes with StatReloader
INFO 2026-01-23 23:54:34,443 basehttp 7080 8380 "GET /dashboard/api/stock/1/history/ HTTP/1.1" 200 143
INFO 2026-01-23 23:54:44,496 basehttp 7080 12944 "GET /dashboard/api/stock/1/ HTTP/1.1" 200 451
INFO 2026-01-23 23:55:25,445 basehttp 7080 8240 "GET /dashboard/branches/ HTTP/1.1" 200 59613
INFO 2026-01-23 23:55:26,092 basehttp 7080 8240 "GET /dashboard/api/users/?role=manager&assigned=false HTTP/1.1" 200 42
INFO 2026-01-23 23:55:33,688 basehttp 7080 8240 "GET /dashboard/api/branches/1/ HTTP/1.1" 200 332
INFO 2026-01-23 23:55:41,228 basehttp 7080 8240 "GET /dashboard/carburants/ HTTP/1.1" 200 74632
ERROR 2026-01-23 23:57:17,301 log 7080 15840 Internal Server Error: /dashboard/api/fuel-types/create/
ERROR 2026-01-23 23:57:17,303 basehttp 7080 15840 "POST /dashboard/api/fuel-types/create/ HTTP/1.1" 500 161
ERROR 2026-01-23 23:57:27,448 log 7080 4100 Internal Server Error: /dashboard/api/fuel-types/create/
ERROR 2026-01-23 23:57:27,451 basehttp 7080 4100 "POST /dashboard/api/fuel-types/create/ HTTP/1.1" 500 161
ERROR 2026-01-23 23:57:27,762 log 7080 4100 Internal Server Error: /dashboard/api/fuel-types/create/
ERROR 2026-01-23 23:57:27,764 basehttp 7080 4100 "POST /dashboard/api/fuel-types/create/ HTTP/1.1" 500 161
ERROR 2026-01-23 23:58:32,977 log 7080 11348 Internal Server Error: /dashboard/api/fuel-types/create/
ERROR 2026-01-23 23:58:32,978 basehttp 7080 11348 "POST /dashboard/api/fuel-types/create/ HTTP/1.1" 500 161
ERROR 2026-01-24 00:08:49,517 log 7080 16376 Internal Server Error: /dashboard/api/fuel-types/create/
ERROR 2026-01-24 00:08:49,519 basehttp 7080 16376 "POST /dashboard/api/fuel-types/create/ HTTP/1.1" 500 161
INFO 2026-01-24 00:09:47,069 autoreload 7080 3940 D:\OWN PROJECTS\PETROX BUKAVU\CODEBASE\Petrox\apps\admin_module\views.py changed, reloading.
INFO 2026-01-24 00:09:49,251 autoreload 10684 1088 Watching for file changes with StatReloader
INFO 2026-01-24 00:11:12,886 autoreload 10684 1088 D:\OWN PROJECTS\PETROX BUKAVU\CODEBASE\Petrox\apps\admin_module\views.py changed, reloading.
INFO 2026-01-24 00:11:14,765 autoreload 5036 1356 Watching for file changes with StatReloader
INFO 2026-01-24 00:11:21,375 basehttp 5036 11944 "POST /dashboard/api/fuel-types/create/ HTTP/1.1" 200 177
INFO 2026-01-24 00:11:22,939 basehttp 5036 11944 "GET /dashboard/carburants/ HTTP/1.1" 200 76648
WARNING 2026-01-24 00:12:11,579 log 5036 7984 Bad Request: /dashboard/api/stock/create/
WARNING 2026-01-24 00:12:11,581 basehttp 5036 7984 "POST /dashboard/api/stock/create/ HTTP/1.1" 400 92
INFO 2026-01-24 00:12:23,566 basehttp 5036 7984 "POST /dashboard/api/stock/create/ HTTP/1.1" 200 175
INFO 2026-01-24 00:12:24,801 basehttp 5036 7984 "GET /dashboard/carburants/ HTTP/1.1" 200 80520
INFO 2026-01-24 00:12:59,746 basehttp 5036 19292 "GET /dashboard/abonnes/ HTTP/1.1" 200 73737
INFO 2026-01-24 00:13:07,882 basehttp 5036 19292 "GET /dashboard/api/abonnes/1/ HTTP/1.1" 200 534
INFO 2026-01-24 00:13:11,289 basehttp 5036 19292 "GET /dashboard/carburants/ HTTP/1.1" 200 80520
INFO 2026-01-24 00:13:15,336 basehttp 5036 19292 "GET /dashboard/utilisateurs/ HTTP/1.1" 200 112942
INFO 2026-01-24 00:14:19,740 basehttp 5036 19292 "GET /dashboard/forex/ HTTP/1.1" 200 35299
WARNING 2026-01-24 00:14:20,614 log 5036 19292 Not Found: /dashboard/api/forex/analysis/
WARNING 2026-01-24 00:14:20,616 basehttp 5036 19292 "GET /dashboard/api/forex/analysis/ HTTP/1.1" 404 20665
WARNING 2026-01-24 00:14:26,480 log 5036 19292 Not Found: /dashboard/api/forex/update-rate/
WARNING 2026-01-24 00:14:26,481 basehttp 5036 19292 "POST /dashboard/api/forex/update-rate/ HTTP/1.1" 404 20675
INFO 2026-01-24 00:27:58,728 basehttp 5036 2324 "GET /dashboard/forex/ HTTP/1.1" 200 39796
INFO 2026-01-24 00:29:13,108 autoreload 5036 1356 D:\OWN PROJECTS\PETROX BUKAVU\CODEBASE\Petrox\apps\admin_module\views.py changed, reloading.
INFO 2026-01-24 00:29:15,549 autoreload 6984 19064 Watching for file changes with StatReloader
INFO 2026-01-24 00:29:47,075 autoreload 6984 19064 D:\OWN PROJECTS\PETROX BUKAVU\CODEBASE\Petrox\apps\admin_module\views.py changed, reloading.
INFO 2026-01-24 00:29:49,643 autoreload 18980 6384 Watching for file changes with StatReloader
INFO 2026-01-24 00:30:16,208 autoreload 18980 6384 D:\OWN PROJECTS\PETROX BUKAVU\CODEBASE\Petrox\apps\admin_module\views.py changed, reloading.
INFO 2026-01-24 00:30:18,941 autoreload 12880 16084 Watching for file changes with StatReloader
INFO 2026-01-24 00:30:58,391 autoreload 12880 16084 D:\OWN PROJECTS\PETROX BUKAVU\CODEBASE\Petrox\apps\admin_module\urls.py changed, reloading.
INFO 2026-01-24 00:31:01,027 autoreload 9044 3700 Watching for file changes with StatReloader
INFO 2026-01-24 00:31:02,897 basehttp 9044 2880 "GET /dashboard/forex/ HTTP/1.1" 200 39796
INFO 2026-01-24 00:31:23,235 basehttp 9044 8592 "POST /dashboard/api/forex/update-rate/ HTTP/1.1" 200 172
INFO 2026-01-24 00:31:24,690 basehttp 9044 8592 "GET /dashboard/forex/ HTTP/1.1" 200 40359
INFO 2026-01-24 00:35:55,019 autoreload 9044 3700 D:\OWN PROJECTS\PETROX BUKAVU\CODEBASE\Petrox\apps\admin_module\views.py changed, reloading.
INFO 2026-01-24 00:35:57,261 autoreload 12152 3168 Watching for file changes with StatReloader
INFO 2026-01-24 00:36:03,696 autoreload 12152 3168 D:\OWN PROJECTS\PETROX BUKAVU\CODEBASE\Petrox\apps\admin_module\urls.py changed, reloading.
INFO 2026-01-24 00:36:05,414 autoreload 13604 6852 Watching for file changes with StatReloader
INFO 2026-01-24 00:36:08,692 basehttp 13604 18624 "GET /dashboard/forex/ HTTP/1.1" 200 40359
INFO 2026-01-24 00:36:37,748 basehttp 13604 13848 "POST /dashboard/api/forex/update-rate/ HTTP/1.1" 200 172
INFO 2026-01-24 00:36:39,004 basehttp 13604 13848 "GET /dashboard/forex/ HTTP/1.1" 200 40844
INFO 2026-01-24 00:40:14,112 autoreload 13604 6852 D:\OWN PROJECTS\PETROX BUKAVU\CODEBASE\Petrox\apps\admin_module\views.py changed, reloading.
INFO 2026-01-24 00:40:17,136 autoreload 15264 17192 Watching for file changes with StatReloader
INFO 2026-01-24 00:40:24,654 basehttp 15264 19064 "GET /dashboard/forex/ HTTP/1.1" 200 40844
INFO 2026-01-24 00:41:41,686 autoreload 15264 17192 D:\OWN PROJECTS\PETROX BUKAVU\CODEBASE\Petrox\apps\admin_module\urls.py changed, reloading.
INFO 2026-01-24 00:41:43,820 autoreload 14492 2460 Watching for file changes with StatReloader
INFO 2026-01-24 00:41:51,859 autoreload 14492 2460 D:\OWN PROJECTS\PETROX BUKAVU\CODEBASE\Petrox\apps\admin_module\urls.py changed, reloading.
INFO 2026-01-24 00:41:54,290 autoreload 16932 13420 Watching for file changes with StatReloader
INFO 2026-01-24 00:41:56,261 basehttp 16932 9080 "GET /dashboard/forex/ HTTP/1.1" 200 40844
INFO 2026-01-24 00:45:07,758 autoreload 16932 13420 D:\OWN PROJECTS\PETROX BUKAVU\CODEBASE\Petrox\apps\admin_module\views.py changed, reloading.
INFO 2026-01-24 00:45:10,373 autoreload 8312 9800 Watching for file changes with StatReloader
INFO 2026-01-24 00:45:57,139 basehttp 8312 8736 "GET /dashboard/forex/ HTTP/1.1" 200 40844
INFO 2026-01-24 00:46:14,863 basehttp 8312 5184 "GET /dashboard/documents/ HTTP/1.1" 200 37868
WARNING 2026-01-24 00:46:19,581 log 8312 3432 Not Found: /.well-known/appspecific/com.chrome.devtools.json
WARNING 2026-01-24 00:46:19,583 basehttp 8312 3432 "GET /.well-known/appspecific/com.chrome.devtools.json HTTP/1.1" 404 3138
INFO 2026-01-24 00:46:48,884 basehttp 8312 18920 "GET /dashboard/forex/ HTTP/1.1" 200 40844
WARNING 2026-01-24 00:46:56,135 log 8312 4436 Not Found: /.well-known/appspecific/com.chrome.devtools.json
WARNING 2026-01-24 00:46:56,136 basehttp 8312 4436 "GET /.well-known/appspecific/com.chrome.devtools.json HTTP/1.1" 404 3138
INFO 2026-01-24 00:47:20,166 basehttp 8312 12556 "GET /dashboard/forex/ HTTP/1.1" 200 40844
WARNING 2026-01-24 00:47:20,317 log 8312 12556 Not Found: /.well-known/appspecific/com.chrome.devtools.json
WARNING 2026-01-24 00:47:20,323 basehttp 8312 12556 "GET /.well-known/appspecific/com.chrome.devtools.json HTTP/1.1" 404 3138
INFO 2026-01-24 00:52:36,134 autoreload 8312 9800 D:\OWN PROJECTS\PETROX BUKAVU\CODEBASE\Petrox\apps\admin_module\views_templates.py changed, reloading.
INFO 2026-01-24 00:52:38,441 autoreload 764 13708 Watching for file changes with StatReloader
INFO 2026-01-24 00:52:46,626 basehttp 764 13188 "GET /dashboard/forex/ HTTP/1.1" 200 40919
INFO 2026-01-24 00:53:06,757 autoreload 764 13708 D:\OWN PROJECTS\PETROX BUKAVU\CODEBASE\Petrox\apps\admin_module\views.py changed, reloading.
INFO 2026-01-24 00:53:09,383 autoreload 11064 10700 Watching for file changes with StatReloader
INFO 2026-01-24 01:03:49,844 basehttp 11064 10792 "GET /dashboard/documents/ HTTP/1.1" 200 45588
INFO 2026-01-24 01:05:56,232 autoreload 11064 10700 D:\OWN PROJECTS\PETROX BUKAVU\CODEBASE\Petrox\apps\admin_module\views.py changed, reloading.
INFO 2026-01-24 01:05:58,615 autoreload 8392 9856 Watching for file changes with StatReloader
INFO 2026-01-24 01:06:17,205 autoreload 8392 9856 D:\OWN PROJECTS\PETROX BUKAVU\CODEBASE\Petrox\apps\admin_module\views.py changed, reloading.
INFO 2026-01-24 01:06:19,330 autoreload 2116 15768 Watching for file changes with StatReloader
WARNING 2026-01-24 01:07:42,933 log 2116 15008 Not Found: /dashboard/api/documents/categories/create/
WARNING 2026-01-24 01:07:42,936 basehttp 2116 15008 "POST /dashboard/api/documents/categories/create/ HTTP/1.1" 404 21894
INFO 2026-01-24 01:09:19,670 autoreload 2116 15768 D:\OWN PROJECTS\PETROX BUKAVU\CODEBASE\Petrox\apps\admin_module\urls.py changed, reloading.
INFO 2026-01-24 01:09:21,721 autoreload 12692 7120 Watching for file changes with StatReloader
WARNING 2026-01-24 01:09:32,229 log 12692 16472 Not Found: /dashboard/api/documents/categories/create/
WARNING 2026-01-24 01:09:32,233 basehttp 12692 16472 "POST /dashboard/api/documents/categories/create/ HTTP/1.1" 404 22966
INFO 2026-01-24 01:12:34,319 autoreload 12692 7120 D:\OWN PROJECTS\PETROX BUKAVU\CODEBASE\Petrox\apps\admin_module\views.py changed, reloading.
INFO 2026-01-24 01:12:36,295 autoreload 6308 18028 Watching for file changes with StatReloader
INFO 2026-01-24 01:13:18,077 autoreload 6308 18028 D:\OWN PROJECTS\PETROX BUKAVU\CODEBASE\Petrox\apps\admin_module\views_templates.py changed, reloading.
INFO 2026-01-24 01:13:20,731 autoreload 8240 18136 Watching for file changes with StatReloader
INFO 2026-01-24 01:13:30,275 autoreload 8240 18136 D:\OWN PROJECTS\PETROX BUKAVU\CODEBASE\Petrox\apps\admin_module\urls.py changed, reloading.
INFO 2026-01-24 01:13:32,863 autoreload 8976 8080 Watching for file changes with StatReloader
INFO 2026-01-24 01:14:30,180 basehttp 8976 1960 "POST /dashboard/api/documents/categories/create/ HTTP/1.1" 200 134
INFO 2026-01-24 01:14:31,919 basehttp 8976 1960 "GET /dashboard/documents/ HTTP/1.1" 200 45776
INFO 2026-01-24 01:15:59,689 basehttp 8976 1960 "POST /dashboard/api/documents/upload/ HTTP/1.1" 200 118
INFO 2026-01-24 01:16:01,140 basehttp 8976 1960 "GET /dashboard/documents/ HTTP/1.1" 200 48825
INFO 2026-01-24 01:16:12,960 basehttp 8976 1960 "GET /dashboard/api/documents/1/download/ HTTP/1.1" 200 174747
INFO 2026-01-24 01:16:50,505 basehttp 8976 1960 "GET /dashboard/documents/?search=alix HTTP/1.1" 200 48825
INFO 2026-01-24 01:16:59,984 basehttp 8976 1960 "GET /dashboard/documents/?visibility=public HTTP/1.1" 200 45776
INFO 2026-01-24 01:17:07,477 basehttp 8976 1960 "GET /dashboard/documents/?visibility=confidentiel HTTP/1.1" 200 48825
INFO 2026-01-24 01:17:44,161 basehttp 8976 1960 "POST /dashboard/api/documents/upload/ HTTP/1.1" 200 120
INFO 2026-01-24 01:17:45,511 basehttp 8976 1960 "GET /dashboard/documents/?visibility=confidentiel HTTP/1.1" 200 52826
INFO 2026-01-24 01:18:32,761 basehttp 8976 2080 "GET /dashboard/documents/?search=Julien HTTP/1.1" 200 52826
INFO 2026-01-24 01:30:10,665 autoreload 8976 8080 D:\OWN PROJECTS\PETROX BUKAVU\CODEBASE\Petrox\apps\admin_module\views.py changed, reloading.
INFO 2026-01-24 01:30:13,468 autoreload 2148 7544 Watching for file changes with StatReloader
INFO 2026-01-24 01:30:45,225 autoreload 2148 7544 D:\OWN PROJECTS\PETROX BUKAVU\CODEBASE\Petrox\apps\admin_module\urls.py changed, reloading.
INFO 2026-01-24 01:30:48,346 autoreload 16572 432 Watching for file changes with StatReloader
INFO 2026-01-24 01:30:50,042 basehttp 16572 18136 "GET /dashboard/documents/?search=Julien HTTP/1.1" 200 52826
INFO 2026-01-24 01:31:22,694 basehttp 16572 18136 "GET /dashboard/documents/?search=Julien HTTP/1.1" 200 62194
INFO 2026-01-24 01:31:33,538 basehttp 16572 18136 "GET /dashboard/documents/?search=Julien HTTP/1.1" 200 62194
INFO 2026-01-24 01:31:40,343 basehttp 16572 18136 "GET /dashboard/documents/?search=Julien HTTP/1.1" 200 62194
INFO 2026-01-24 01:31:45,882 basehttp 16572 18136 "GET /dashboard/api/documents/2/ HTTP/1.1" 200 235
INFO 2026-01-24 01:33:00,462 basehttp 16572 18136 "POST /dashboard/api/documents/categories/create/ HTTP/1.1" 200 132
INFO 2026-01-24 01:33:01,837 basehttp 16572 18136 "GET /dashboard/documents/?search=Julien HTTP/1.1" 200 63043
INFO 2026-01-24 01:33:35,756 basehttp 16572 18136 "POST /dashboard/api/documents/upload/ HTTP/1.1" 200 125
INFO 2026-01-24 01:33:36,998 basehttp 16572 18136 "GET /dashboard/documents/?search=Julien HTTP/1.1" 200 67632
INFO 2026-01-24 01:33:52,635 basehttp 16572 18136 "GET /dashboard/documents/?search=Julien&category_id=2 HTTP/1.1" 200 67640
INFO 2026-01-24 01:34:00,907 basehttp 16572 18136 "GET /dashboard/documents/ HTTP/1.1" 200 67626
INFO 2026-01-24 01:34:06,652 basehttp 16572 18136 "GET /dashboard/documents/?category_id=2 HTTP/1.1" 200 67634
INFO 2026-01-24 01:34:42,247 basehttp 16572 18136 "GET /dashboard/forex/ HTTP/1.1" 200 40919
INFO 2026-01-24 01:35:25,470 basehttp 16572 18136 "GET /dashboard/rapports/ HTTP/1.1" 200 46669
INFO 2026-01-24 01:35:26,660 basehttp 16572 18136 "GET /dashboard/api/stats/?period=month&currency=USD HTTP/1.1" 200 976
INFO 2026-01-24 01:35:29,119 basehttp 16572 18136 "GET /dashboard/utilisateurs/ HTTP/1.1" 200 112942
INFO 2026-01-24 01:35:33,253 basehttp 16572 18136 "GET /dashboard/ HTTP/1.1" 200 52092
INFO 2026-01-24 01:35:34,154 basehttp 16572 18136 "GET /dashboard/api/stats/?branche_id=all&period=month&devise=USD HTTP/1.1" 200 976
WARNING 2026-01-24 01:35:54,551 log 16572 18136 Not Found: /.well-known/appspecific/com.chrome.devtools.json
WARNING 2026-01-24 01:35:54,552 basehttp 16572 18136 "GET /.well-known/appspecific/com.chrome.devtools.json HTTP/1.1" 404 3138
INFO 2026-01-24 01:35:59,204 basehttp 16572 18136 "GET /dashboard/carburants/ HTTP/1.1" 200 80520
WARNING 2026-01-24 01:35:59,338 log 16572 18136 Not Found: /.well-known/appspecific/com.chrome.devtools.json
WARNING 2026-01-24 01:35:59,341 basehttp 16572 18136 "GET /.well-known/appspecific/com.chrome.devtools.json HTTP/1.1" 404 3138
INFO 2026-01-24 01:36:12,138 basehttp 16572 18136 "GET /dashboard/ventes/ HTTP/1.1" 200 43974
WARNING 2026-01-24 01:36:12,221 log 16572 18136 Not Found: /.well-known/appspecific/com.chrome.devtools.json
WARNING 2026-01-24 01:36:12,222 basehttp 16572 18136 "GET /.well-known/appspecific/com.chrome.devtools.json HTTP/1.1" 404 3138
INFO 2026-01-24 01:36:20,558 basehttp 16572 18136 "GET /dashboard/depenses/ HTTP/1.1" 200 63301
WARNING 2026-01-24 01:36:20,746 log 16572 18136 Not Found: /.well-known/appspecific/com.chrome.devtools.json
WARNING 2026-01-24 01:36:20,748 basehttp 16572 18136 "GET /.well-known/appspecific/com.chrome.devtools.json HTTP/1.1" 404 3138
INFO 2026-01-24 01:36:26,372 basehttp 16572 18136 "GET /dashboard/carburants/ HTTP/1.1" 200 80520
WARNING 2026-01-24 01:36:26,571 log 16572 18136 Not Found: /.well-known/appspecific/com.chrome.devtools.json
WARNING 2026-01-24 01:36:26,572 basehttp 16572 18136 "GET /.well-known/appspecific/com.chrome.devtools.json HTTP/1.1" 404 3138
INFO 2026-01-24 01:36:31,236 basehttp 16572 18136 "GET /dashboard/abonnes/ HTTP/1.1" 200 73737
WARNING 2026-01-24 01:36:31,419 log 16572 18136 Not Found: /.well-known/appspecific/com.chrome.devtools.json
WARNING 2026-01-24 01:36:31,420 basehttp 16572 18136 "GET /.well-known/appspecific/com.chrome.devtools.json HTTP/1.1" 404 3138
INFO 2026-01-24 01:36:35,982 basehttp 16572 18136 "GET /dashboard/utilisateurs/ HTTP/1.1" 200 112942
WARNING 2026-01-24 01:36:36,144 log 16572 18136 Not Found: /.well-known/appspecific/com.chrome.devtools.json
WARNING 2026-01-24 01:36:36,146 basehttp 16572 18136 "GET /.well-known/appspecific/com.chrome.devtools.json HTTP/1.1" 404 3138
INFO 2026-01-24 01:40:01,623 autoreload 11344 19064 Watching for file changes with StatReloader
ERROR 2026-01-24 01:40:19,135 exception 11344 12940 Invalid HTTP_HOST header: 'c8f02eaaae54.ngrok-free.app'. You may need to add 'c8f02eaaae54.ngrok-free.app' to ALLOWED_HOSTS.
Traceback (most recent call last):
  File "D:\OWN PROJECTS\PETROX BUKAVU\CODEBASE\Petrox\venv\Lib\site-packages\django\core\handlers\exception.py", line 55, in inner
    response = get_response(request)
  File "D:\OWN PROJECTS\PETROX BUKAVU\CODEBASE\Petrox\venv\Lib\site-packages\django\utils\deprecation.py", line 133, in __call__
    response = self.process_request(request)
  File "D:\OWN PROJECTS\PETROX BUKAVU\CODEBASE\Petrox\venv\Lib\site-packages\django\middleware\common.py", line 48, in process_request
    host = request.get_host()
  File "D:\OWN PROJECTS\PETROX BUKAVU\CODEBASE\Petrox\venv\Lib\site-packages\django\http\request.py", line 150, in get_host
    raise DisallowedHost(msg)
django.core.exceptions.DisallowedHost: Invalid HTTP_HOST header: 'c8f02eaaae54.ngrok-free.app'. You may need to add 'c8f02eaaae54.ngrok-free.app' to ALLOWED_HOSTS.
WARNING 2026-01-24 01:40:19,649 log 11344 12940 Bad Request: /
WARNING 2026-01-24 01:40:19,652 basehttp 11344 12940 "GET / HTTP/1.1" 400 78345
ERROR 2026-01-24 01:41:31,699 exception 11344 13208 Invalid HTTP_HOST header: 'c8f02eaaae54.ngrok-free.app'. You may need to add 'c8f02eaaae54.ngrok-free.app' to ALLOWED_HOSTS.
Traceback (most recent call last):
  File "D:\OWN PROJECTS\PETROX BUKAVU\CODEBASE\Petrox\venv\Lib\site-packages\django\core\handlers\exception.py", line 55, in inner
    response = get_response(request)
  File "D:\OWN PROJECTS\PETROX BUKAVU\CODEBASE\Petrox\venv\Lib\site-packages\django\utils\deprecation.py", line 133, in __call__
    response = self.process_request(request)
  File "D:\OWN PROJECTS\PETROX BUKAVU\CODEBASE\Petrox\venv\Lib\site-packages\django\middleware\common.py", line 48, in process_request
    host = request.get_host()
  File "D:\OWN PROJECTS\PETROX BUKAVU\CODEBASE\Petrox\venv\Lib\site-packages\django\http\request.py", line 150, in get_host
    raise DisallowedHost(msg)
django.core.exceptions.DisallowedHost: Invalid HTTP_HOST header: 'c8f02eaaae54.ngrok-free.app'. You may need to add 'c8f02eaaae54.ngrok-free.app' to ALLOWED_HOSTS.
WARNING 2026-01-24 01:41:31,784 log 11344 13208 Bad Request: /
WARNING 2026-01-24 01:41:31,785 basehttp 11344 13208 "GET / HTTP/1.1" 400 78615
ERROR 2026-01-24 01:41:33,023 exception 11344 3884 Invalid HTTP_HOST header: 'c8f02eaaae54.ngrok-free.app'. You may need to add 'c8f02eaaae54.ngrok-free.app' to ALLOWED_HOSTS.
Traceback (most recent call last):
  File "D:\OWN PROJECTS\PETROX BUKAVU\CODEBASE\Petrox\venv\Lib\site-packages\django\core\handlers\exception.py", line 55, in inner
    response = get_response(request)
  File "D:\OWN PROJECTS\PETROX BUKAVU\CODEBASE\Petrox\venv\Lib\site-packages\django\utils\deprecation.py", line 133, in __call__
    response = self.process_request(request)
  File "D:\OWN PROJECTS\PETROX BUKAVU\CODEBASE\Petrox\venv\Lib\site-packages\django\middleware\common.py", line 48, in process_request
    host = request.get_host()
  File "D:\OWN PROJECTS\PETROX BUKAVU\CODEBASE\Petrox\venv\Lib\site-packages\django\http\request.py", line 150, in get_host
    raise DisallowedHost(msg)
django.core.exceptions.DisallowedHost: Invalid HTTP_HOST header: 'c8f02eaaae54.ngrok-free.app'. You may need to add 'c8f02eaaae54.ngrok-free.app' to ALLOWED_HOSTS.
ERROR 2026-01-24 01:41:33,057 exception 11344 9228 Invalid HTTP_HOST header: 'c8f02eaaae54.ngrok-free.app'. You may need to add 'c8f02eaaae54.ngrok-free.app' to ALLOWED_HOSTS.
Traceback (most recent call last):
  File "D:\OWN PROJECTS\PETROX BUKAVU\CODEBASE\Petrox\venv\Lib\site-packages\django\core\handlers\exception.py", line 55, in inner
    response = get_response(request)
  File "D:\OWN PROJECTS\PETROX BUKAVU\CODEBASE\Petrox\venv\Lib\site-packages\django\utils\deprecation.py", line 133, in __call__
    response = self.process_request(request)
  File "D:\OWN PROJECTS\PETROX BUKAVU\CODEBASE\Petrox\venv\Lib\site-packages\django\middleware\common.py", line 48, in process_request
    host = request.get_host()
  File "D:\OWN PROJECTS\PETROX BUKAVU\CODEBASE\Petrox\venv\Lib\site-packages\django\http\request.py", line 150, in get_host
    raise DisallowedHost(msg)
django.core.exceptions.DisallowedHost: Invalid HTTP_HOST header: 'c8f02eaaae54.ngrok-free.app'. You may need to add 'c8f02eaaae54.ngrok-free.app' to ALLOWED_HOSTS.
WARNING 2026-01-24 01:41:33,151 log 11344 3884 Bad Request: /
WARNING 2026-01-24 01:41:33,153 basehttp 11344 3884 "GET / HTTP/1.1" 400 79147
WARNING 2026-01-24 01:41:33,188 log 11344 9228 Bad Request: /
WARNING 2026-01-24 01:41:33,189 basehttp 11344 9228 "GET / HTTP/1.1" 400 79147
ERROR 2026-01-24 01:41:34,866 exception 11344 6616 Invalid HTTP_HOST header: 'c8f02eaaae54.ngrok-free.app'. You may need to add 'c8f02eaaae54.ngrok-free.app' to ALLOWED_HOSTS.
Traceback (most recent call last):
  File "D:\OWN PROJECTS\PETROX BUKAVU\CODEBASE\Petrox\venv\Lib\site-packages\django\core\handlers\exception.py", line 55, in inner
    response = get_response(request)
  File "D:\OWN PROJECTS\PETROX BUKAVU\CODEBASE\Petrox\venv\Lib\site-packages\django\utils\deprecation.py", line 133, in __call__
    response = self.process_request(request)
  File "D:\OWN PROJECTS\PETROX BUKAVU\CODEBASE\Petrox\venv\Lib\site-packages\django\middleware\common.py", line 48, in process_request
    host = request.get_host()
  File "D:\OWN PROJECTS\PETROX BUKAVU\CODEBASE\Petrox\venv\Lib\site-packages\django\http\request.py", line 150, in get_host
    raise DisallowedHost(msg)
django.core.exceptions.DisallowedHost: Invalid HTTP_HOST header: 'c8f02eaaae54.ngrok-free.app'. You may need to add 'c8f02eaaae54.ngrok-free.app' to ALLOWED_HOSTS.
WARNING 2026-01-24 01:41:34,954 log 11344 6616 Bad Request: /
WARNING 2026-01-24 01:41:34,956 basehttp 11344 6616 "GET / HTTP/1.1" 400 80838
ERROR 2026-01-24 01:41:36,301 exception 11344 7400 Invalid HTTP_HOST header: 'c8f02eaaae54.ngrok-free.app'. You may need to add 'c8f02eaaae54.ngrok-free.app' to ALLOWED_HOSTS.
Traceback (most recent call last):
  File "D:\OWN PROJECTS\PETROX BUKAVU\CODEBASE\Petrox\venv\Lib\site-packages\django\core\handlers\exception.py", line 55, in inner
    response = get_response(request)
  File "D:\OWN PROJECTS\PETROX BUKAVU\CODEBASE\Petrox\venv\Lib\site-packages\django\utils\deprecation.py", line 133, in __call__
    response = self.process_request(request)
  File "D:\OWN PROJECTS\PETROX BUKAVU\CODEBASE\Petrox\venv\Lib\site-packages\django\middleware\common.py", line 48, in process_request
    host = request.get_host()
  File "D:\OWN PROJECTS\PETROX BUKAVU\CODEBASE\Petrox\venv\Lib\site-packages\django\http\request.py", line 150, in get_host
    raise DisallowedHost(msg)
django.core.exceptions.DisallowedHost: Invalid HTTP_HOST header: 'c8f02eaaae54.ngrok-free.app'. You may need to add 'c8f02eaaae54.ngrok-free.app' to ALLOWED_HOSTS.
WARNING 2026-01-24 01:41:36,436 log 11344 7400 Bad Request: /favicon.ico
WARNING 2026-01-24 01:41:36,437 basehttp 11344 7400 "GET /favicon.ico HTTP/1.1" 400 80660
ERROR 2026-01-24 01:42:16,134 exception 11344 2148 Invalid HTTP_HOST header: 'c8f02eaaae54.ngrok-free.app'. You may need to add 'c8f02eaaae54.ngrok-free.app' to ALLOWED_HOSTS.
Traceback (most recent call last):
  File "D:\OWN PROJECTS\PETROX BUKAVU\CODEBASE\Petrox\venv\Lib\site-packages\django\core\handlers\exception.py", line 55, in inner
    response = get_response(request)
  File "D:\OWN PROJECTS\PETROX BUKAVU\CODEBASE\Petrox\venv\Lib\site-packages\django\utils\deprecation.py", line 133, in __call__
    response = self.process_request(request)
  File "D:\OWN PROJECTS\PETROX BUKAVU\CODEBASE\Petrox\venv\Lib\site-packages\django\middleware\common.py", line 48, in process_request
    host = request.get_host()
  File "D:\OWN PROJECTS\PETROX BUKAVU\CODEBASE\Petrox\venv\Lib\site-packages\django\http\request.py", line 150, in get_host
    raise DisallowedHost(msg)
django.core.exceptions.DisallowedHost: Invalid HTTP_HOST header: 'c8f02eaaae54.ngrok-free.app'. You may need to add 'c8f02eaaae54.ngrok-free.app' to ALLOWED_HOSTS.
WARNING 2026-01-24 01:42:16,287 log 11344 2148 Bad Request: /
WARNING 2026-01-24 01:42:16,290 basehttp 11344 2148 "GET / HTTP/1.1" 400 80838
ERROR 2026-01-24 01:42:17,594 exception 11344 13188 Invalid HTTP_HOST header: 'c8f02eaaae54.ngrok-free.app'. You may need to add 'c8f02eaaae54.ngrok-free.app' to ALLOWED_HOSTS.
Traceback (most recent call last):
  File "D:\OWN PROJECTS\PETROX BUKAVU\CODEBASE\Petrox\venv\Lib\site-packages\django\core\handlers\exception.py", line 55, in inner
    response = get_response(request)
  File "D:\OWN PROJECTS\PETROX BUKAVU\CODEBASE\Petrox\venv\Lib\site-packages\django\utils\deprecation.py", line 133, in __call__
    response = self.process_request(request)
  File "D:\OWN PROJECTS\PETROX BUKAVU\CODEBASE\Petrox\venv\Lib\site-packages\django\middleware\common.py", line 48, in process_request
    host = request.get_host()
  File "D:\OWN PROJECTS\PETROX BUKAVU\CODEBASE\Petrox\venv\Lib\site-packages\django\http\request.py", line 150, in get_host
    raise DisallowedHost(msg)
django.core.exceptions.DisallowedHost: Invalid HTTP_HOST header: 'c8f02eaaae54.ngrok-free.app'. You may need to add 'c8f02eaaae54.ngrok-free.app' to ALLOWED_HOSTS.
WARNING 2026-01-24 01:42:17,738 log 11344 13188 Bad Request: /favicon.ico
WARNING 2026-01-24 01:42:17,739 basehttp 11344 13188 "GET /favicon.ico HTTP/1.1" 400 80534
INFO 2026-01-24 01:42:41,382 autoreload 16112 12772 Watching for file changes with StatReloader
ERROR 2026-01-24 01:42:46,975 exception 16112 7436 Invalid HTTP_HOST header: 'c8f02eaaae54.ngrok-free.app'. You may need to add 'c8f02eaaae54.ngrok-free.app' to ALLOWED_HOSTS.
Traceback (most recent call last):
  File "D:\OWN PROJECTS\PETROX BUKAVU\CODEBASE\Petrox\venv\Lib\site-packages\django\core\handlers\exception.py", line 55, in inner
    response = get_response(request)
  File "D:\OWN PROJECTS\PETROX BUKAVU\CODEBASE\Petrox\venv\Lib\site-packages\django\utils\deprecation.py", line 133, in __call__
    response = self.process_request(request)
  File "D:\OWN PROJECTS\PETROX BUKAVU\CODEBASE\Petrox\venv\Lib\site-packages\django\middleware\common.py", line 48, in process_request
    host = request.get_host()
  File "D:\OWN PROJECTS\PETROX BUKAVU\CODEBASE\Petrox\venv\Lib\site-packages\django\http\request.py", line 150, in get_host
    raise DisallowedHost(msg)
django.core.exceptions.DisallowedHost: Invalid HTTP_HOST header: 'c8f02eaaae54.ngrok-free.app'. You may need to add 'c8f02eaaae54.ngrok-free.app' to ALLOWED_HOSTS.
WARNING 2026-01-24 01:42:47,148 log 16112 7436 Bad Request: /
WARNING 2026-01-24 01:42:47,149 basehttp 16112 7436 "GET / HTTP/1.1" 400 80667
ERROR 2026-01-24 01:42:48,524 exception 16112 10680 Invalid HTTP_HOST header: 'c8f02eaaae54.ngrok-free.app'. You may need to add 'c8f02eaaae54.ngrok-free.app' to ALLOWED_HOSTS.
Traceback (most recent call last):
  File "D:\OWN PROJECTS\PETROX BUKAVU\CODEBASE\Petrox\venv\Lib\site-packages\django\core\handlers\exception.py", line 55, in inner
    response = get_response(request)
  File "D:\OWN PROJECTS\PETROX BUKAVU\CODEBASE\Petrox\venv\Lib\site-packages\django\utils\deprecation.py", line 133, in __call__
    response = self.process_request(request)
  File "D:\OWN PROJECTS\PETROX BUKAVU\CODEBASE\Petrox\venv\Lib\site-packages\django\middleware\common.py", line 48, in process_request
    host = request.get_host()
  File "D:\OWN PROJECTS\PETROX BUKAVU\CODEBASE\Petrox\venv\Lib\site-packages\django\http\request.py", line 150, in get_host
    raise DisallowedHost(msg)
django.core.exceptions.DisallowedHost: Invalid HTTP_HOST header: 'c8f02eaaae54.ngrok-free.app'. You may need to add 'c8f02eaaae54.ngrok-free.app' to ALLOWED_HOSTS.
WARNING 2026-01-24 01:42:48,689 log 16112 10680 Bad Request: /favicon.ico
WARNING 2026-01-24 01:42:48,692 basehttp 16112 10680 "GET /favicon.ico HTTP/1.1" 400 80632
INFO 2026-01-24 01:43:42,250 autoreload 16112 12772 D:\OWN PROJECTS\PETROX BUKAVU\CODEBASE\Petrox\petrox_project\settings.py changed, reloading.
INFO 2026-01-24 01:43:44,392 autoreload 12280 15880 Watching for file changes with StatReloader
ERROR 2026-01-24 01:43:50,199 exception 12280 9528 Invalid HTTP_HOST header: 'c8f02eaaae54.ngrok-free.app'. You may need to add 'c8f02eaaae54.ngrok-free.app' to ALLOWED_HOSTS.
Traceback (most recent call last):
  File "D:\OWN PROJECTS\PETROX BUKAVU\CODEBASE\Petrox\venv\Lib\site-packages\django\core\handlers\exception.py", line 55, in inner
    response = get_response(request)
  File "D:\OWN PROJECTS\PETROX BUKAVU\CODEBASE\Petrox\venv\Lib\site-packages\django\utils\deprecation.py", line 133, in __call__
    response = self.process_request(request)
  File "D:\OWN PROJECTS\PETROX BUKAVU\CODEBASE\Petrox\venv\Lib\site-packages\django\middleware\common.py", line 48, in process_request
    host = request.get_host()
  File "D:\OWN PROJECTS\PETROX BUKAVU\CODEBASE\Petrox\venv\Lib\site-packages\django\http\request.py", line 150, in get_host
    raise DisallowedHost(msg)
django.core.exceptions.DisallowedHost: Invalid HTTP_HOST header: 'c8f02eaaae54.ngrok-free.app'. You may need to add 'c8f02eaaae54.ngrok-free.app' to ALLOWED_HOSTS.
WARNING 2026-01-24 01:43:50,482 log 12280 9528 Bad Request: /
WARNING 2026-01-24 01:43:50,483 basehttp 12280 9528 "GET / HTTP/1.1" 400 80910
ERROR 2026-01-24 01:43:51,891 exception 12280 644 Invalid HTTP_HOST header: 'c8f02eaaae54.ngrok-free.app'. You may need to add 'c8f02eaaae54.ngrok-free.app' to ALLOWED_HOSTS.
Traceback (most recent call last):
  File "D:\OWN PROJECTS\PETROX BUKAVU\CODEBASE\Petrox\venv\Lib\site-packages\django\core\handlers\exception.py", line 55, in inner
    response = get_response(request)
  File "D:\OWN PROJECTS\PETROX BUKAVU\CODEBASE\Petrox\venv\Lib\site-packages\django\utils\deprecation.py", line 133, in __call__
    response = self.process_request(request)
  File "D:\OWN PROJECTS\PETROX BUKAVU\CODEBASE\Petrox\venv\Lib\site-packages\django\middleware\common.py", line 48, in process_request
    host = request.get_host()
  File "D:\OWN PROJECTS\PETROX BUKAVU\CODEBASE\Petrox\venv\Lib\site-packages\django\http\request.py", line 150, in get_host
    raise DisallowedHost(msg)
django.core.exceptions.DisallowedHost: Invalid HTTP_HOST header: 'c8f02eaaae54.ngrok-free.app'. You may need to add 'c8f02eaaae54.ngrok-free.app' to ALLOWED_HOSTS.
WARNING 2026-01-24 01:43:51,959 log 12280 644 Bad Request: /favicon.ico
WARNING 2026-01-24 01:43:51,962 basehttp 12280 644 "GET /favicon.ico HTTP/1.1" 400 80607
ERROR 2026-01-24 01:44:13,235 exception 12280 764 Invalid HTTP_HOST header: 'c8f02eaaae54.ngrok-free.app'. You may need to add 'c8f02eaaae54.ngrok-free.app' to ALLOWED_HOSTS.
Traceback (most recent call last):
  File "D:\OWN PROJECTS\PETROX BUKAVU\CODEBASE\Petrox\venv\Lib\site-packages\django\core\handlers\exception.py", line 55, in inner
    response = get_response(request)
  File "D:\OWN PROJECTS\PETROX BUKAVU\CODEBASE\Petrox\venv\Lib\site-packages\django\utils\deprecation.py", line 133, in __call__
    response = self.process_request(request)
  File "D:\OWN PROJECTS\PETROX BUKAVU\CODEBASE\Petrox\venv\Lib\site-packages\django\middleware\common.py", line 48, in process_request
    host = request.get_host()
  File "D:\OWN PROJECTS\PETROX BUKAVU\CODEBASE\Petrox\venv\Lib\site-packages\django\http\request.py", line 150, in get_host
    raise DisallowedHost(msg)
django.core.exceptions.DisallowedHost: Invalid HTTP_HOST header: 'c8f02eaaae54.ngrok-free.app'. You may need to add 'c8f02eaaae54.ngrok-free.app' to ALLOWED_HOSTS.
WARNING 2026-01-24 01:44:13,333 log 12280 764 Bad Request: /
WARNING 2026-01-24 01:44:13,334 basehttp 12280 764 "GET / HTTP/1.1" 400 80936
ERROR 2026-01-24 01:44:14,681 exception 12280 18600 Invalid HTTP_HOST header: 'c8f02eaaae54.ngrok-free.app'. You may need to add 'c8f02eaaae54.ngrok-free.app' to ALLOWED_HOSTS.
Traceback (most recent call last):
  File "D:\OWN PROJECTS\PETROX BUKAVU\CODEBASE\Petrox\venv\Lib\site-packages\django\core\handlers\exception.py", line 55, in inner
    response = get_response(request)
  File "D:\OWN PROJECTS\PETROX BUKAVU\CODEBASE\Petrox\venv\Lib\site-packages\django\utils\deprecation.py", line 133, in __call__
    response = self.process_request(request)
  File "D:\OWN PROJECTS\PETROX BUKAVU\CODEBASE\Petrox\venv\Lib\site-packages\django\middleware\common.py", line 48, in process_request
    host = request.get_host()
  File "D:\OWN PROJECTS\PETROX BUKAVU\CODEBASE\Petrox\venv\Lib\site-packages\django\http\request.py", line 150, in get_host
    raise DisallowedHost(msg)
django.core.exceptions.DisallowedHost: Invalid HTTP_HOST header: 'c8f02eaaae54.ngrok-free.app'. You may need to add 'c8f02eaaae54.ngrok-free.app' to ALLOWED_HOSTS.
WARNING 2026-01-24 01:44:14,864 log 12280 18600 Bad Request: /favicon.ico
WARNING 2026-01-24 01:44:14,867 basehttp 12280 18600 "GET /favicon.ico HTTP/1.1" 400 80632
INFO 2026-01-24 01:44:37,699 autoreload 12280 15880 D:\OWN PROJECTS\PETROX BUKAVU\CODEBASE\Petrox\petrox_project\settings.py changed, reloading.
INFO 2026-01-24 01:44:40,154 autoreload 16128 12668 Watching for file changes with StatReloader
ERROR 2026-01-24 01:45:05,722 exception 16128 12640 Invalid HTTP_HOST header: 'c8f02eaaae54.ngrok-free.app'. You may need to add 'c8f02eaaae54.ngrok-free.app' to ALLOWED_HOSTS.
Traceback (most recent call last):
  File "D:\OWN PROJECTS\PETROX BUKAVU\CODEBASE\Petrox\venv\Lib\site-packages\django\core\handlers\exception.py", line 55, in inner
    response = get_response(request)
  File "D:\OWN PROJECTS\PETROX BUKAVU\CODEBASE\Petrox\venv\Lib\site-packages\django\utils\deprecation.py", line 133, in __call__
    response = self.process_request(request)
  File "D:\OWN PROJECTS\PETROX BUKAVU\CODEBASE\Petrox\venv\Lib\site-packages\django\middleware\common.py", line 48, in process_request
    host = request.get_host()
  File "D:\OWN PROJECTS\PETROX BUKAVU\CODEBASE\Petrox\venv\Lib\site-packages\django\http\request.py", line 150, in get_host
    raise DisallowedHost(msg)
django.core.exceptions.DisallowedHost: Invalid HTTP_HOST header: 'c8f02eaaae54.ngrok-free.app'. You may need to add 'c8f02eaaae54.ngrok-free.app' to ALLOWED_HOSTS.
WARNING 2026-01-24 01:45:05,960 log 16128 12640 Bad Request: /
WARNING 2026-01-24 01:45:05,963 basehttp 16128 12640 "GET / HTTP/1.1" 400 80667
ERROR 2026-01-24 01:45:07,352 exception 16128 18276 Invalid HTTP_HOST header: 'c8f02eaaae54.ngrok-free.app'. You may need to add 'c8f02eaaae54.ngrok-free.app' to ALLOWED_HOSTS.
Traceback (most recent call last):
  File "D:\OWN PROJECTS\PETROX BUKAVU\CODEBASE\Petrox\venv\Lib\site-packages\django\core\handlers\exception.py", line 55, in inner
    response = get_response(request)
  File "D:\OWN PROJECTS\PETROX BUKAVU\CODEBASE\Petrox\venv\Lib\site-packages\django\utils\deprecation.py", line 133, in __call__
    response = self.process_request(request)
  File "D:\OWN PROJECTS\PETROX BUKAVU\CODEBASE\Petrox\venv\Lib\site-packages\django\middleware\common.py", line 48, in process_request
    host = request.get_host()
  File "D:\OWN PROJECTS\PETROX BUKAVU\CODEBASE\Petrox\venv\Lib\site-packages\django\http\request.py", line 150, in get_host
    raise DisallowedHost(msg)
django.core.exceptions.DisallowedHost: Invalid HTTP_HOST header: 'c8f02eaaae54.ngrok-free.app'. You may need to add 'c8f02eaaae54.ngrok-free.app' to ALLOWED_HOSTS.
WARNING 2026-01-24 01:45:07,502 log 16128 18276 Bad Request: /favicon.ico
WARNING 2026-01-24 01:45:07,504 basehttp 16128 18276 "GET /favicon.ico HTTP/1.1" 400 80632
INFO 2026-01-24 01:46:47,334 autoreload 16128 12668 D:\OWN PROJECTS\PETROX BUKAVU\CODEBASE\Petrox\petrox_project\settings.py changed, reloading.
INFO 2026-01-24 01:46:48,273 autoreload 14020 17728 Watching for file changes with StatReloader
INFO 2026-01-24 01:46:57,442 basehttp 14020 4764 "GET / HTTP/1.1" 302 0
INFO 2026-01-24 01:46:58,160 basehttp 14020 4764 "GET /auth/login/ HTTP/1.1" 200 7210
WARNING 2026-01-24 01:46:59,967 log 14020 4764 Not Found: /favicon.ico
WARNING 2026-01-24 01:46:59,968 basehttp 14020 4764 "GET /favicon.ico HTTP/1.1" 404 3040
WARNING 2026-01-24 01:47:26,669 log 14020 4764 Forbidden (Origin checking failed - https://c8f02eaaae54.ngrok-free.app does not match any trusted origins.): /auth/login/
WARNING 2026-01-24 01:47:26,670 basehttp 14020 4764 "POST /auth/login/ HTTP/1.1" 403 2606
INFO 2026-01-24 01:49:23,905 autoreload 14020 17728 D:\OWN PROJECTS\PETROX BUKAVU\CODEBASE\Petrox\petrox_project\settings.py changed, reloading.
INFO 2026-01-24 01:49:24,793 autoreload 10836 13120 Watching for file changes with StatReloader
WARNING 2026-01-24 01:49:37,427 log 10836 18144 Forbidden (Origin checking failed - https://c8f02eaaae54.ngrok-free.app does not match any trusted origins.): /auth/login/
WARNING 2026-01-24 01:49:37,428 basehttp 10836 18144 "POST /auth/login/ HTTP/1.1" 403 2606
INFO 2026-01-24 01:49:42,674 basehttp 10836 18144 "GET /auth/login/ HTTP/1.1" 200 7210
WARNING 2026-01-24 01:49:50,083 log 10836 18144 Forbidden (Origin checking failed - https://c8f02eaaae54.ngrok-free.app does not match any trusted origins.): /auth/login/
WARNING 2026-01-24 01:49:50,084 basehttp 10836 18144 "POST /auth/login/ HTTP/1.1" 403 2606
INFO 2026-01-24 01:50:13,724 autoreload 10836 13120 D:\OWN PROJECTS\PETROX BUKAVU\CODEBASE\Petrox\petrox_project\settings.py changed, reloading.
INFO 2026-01-24 01:50:14,661 autoreload 3080 10800 Watching for file changes with StatReloader
INFO 2026-01-24 01:50:22,107 autoreload 3324 9460 Watching for file changes with StatReloader
INFO 2026-01-24 01:50:27,804 basehttp 3324 3960 "POST /auth/login/ HTTP/1.1" 302 0
INFO 2026-01-24 01:50:28,685 basehttp 3324 3960 "GET /dashboard/ HTTP/1.1" 200 52092
INFO 2026-01-24 01:50:30,118 basehttp 3324 3960 "GET /dashboard/api/stats/?branche_id=all&period=month&devise=USD HTTP/1.1" 200 976
INFO 2026-01-24 01:50:31,545 basehttp 3324 16668 "GET /dashboard/ HTTP/1.1" 302 0
INFO 2026-01-24 01:50:32,105 basehttp 3324 17724 "GET /auth/login/?next=/dashboard/ HTTP/1.1" 200 7210
INFO 2026-01-24 01:50:41,544 basehttp 3324 3960 "GET /dashboard/api/stats/?branche_id=all&period=month&devise=USD HTTP/1.1" 200 976
INFO 2026-01-24 01:50:50,061 basehttp 3324 3960 "GET /dashboard/branches/ HTTP/1.1" 200 59613
INFO 2026-01-24 01:50:51,232 basehttp 3324 3960 "GET /dashboard/api/users/?role=manager&assigned=false HTTP/1.1" 200 42
INFO 2026-01-24 01:50:52,358 basehttp 3324 17932 "GET /dashboard/branches/ HTTP/1.1" 302 0
INFO 2026-01-24 01:50:52,936 basehttp 3324 7740 "GET /auth/login/?next=/dashboard/branches/ HTTP/1.1" 200 7210
INFO 2026-01-24 01:50:57,046 basehttp 3324 3960 "GET /dashboard/branches/1/ HTTP/1.1" 200 37153
INFO 2026-01-24 01:51:16,668 basehttp 3324 3960 "GET /dashboard/carburants/?branche_id=1 HTTP/1.1" 200 80518
INFO 2026-01-24 01:51:17,390 basehttp 3324 13428 "GET /dashboard/carburants/?branche_id=1 HTTP/1.1" 200 80518
INFO 2026-01-24 01:51:19,426 basehttp 3324 17932 "GET /dashboard/carburants/?branche_id=1 HTTP/1.1" 302 0
INFO 2026-01-24 01:51:20,000 basehttp 3324 17072 "GET /auth/login/?next=/dashboard/carburants/%3Fbranche_id%3D1 HTTP/1.1" 200 7210
INFO 2026-01-24 01:51:52,828 basehttp 3324 13428 "GET /dashboard/api/stock/2/ HTTP/1.1" 200 453
INFO 2026-01-24 01:52:01,421 basehttp 3324 13428 "GET /dashboard/api/stock/2/history/ HTTP/1.1" 200 143
INFO 2026-01-24 01:52:17,058 basehttp 3324 13428 "GET /dashboard/abonnes/ HTTP/1.1" 200 73737
INFO 2026-01-24 01:52:17,598 basehttp 3324 13428 "GET /dashboard/abonnes/ HTTP/1.1" 200 73737
INFO 2026-01-24 01:52:19,040 basehttp 3324 7980 "GET /dashboard/abonnes/ HTTP/1.1" 200 73737
INFO 2026-01-24 01:52:21,569 basehttp 3324 18468 "GET /dashboard/abonnes/ HTTP/1.1" 302 0
INFO 2026-01-24 01:52:22,125 basehttp 3324 11132 "GET /auth/login/?next=/dashboard/abonnes/ HTTP/1.1" 200 7210
INFO 2026-01-24 01:52:37,611 basehttp 3324 7980 "GET /dashboard/utilisateurs/ HTTP/1.1" 200 112942
INFO 2026-01-24 01:52:39,848 basehttp 3324 9840 "GET /dashboard/utilisateurs/ HTTP/1.1" 302 0
INFO 2026-01-24 01:52:40,412 basehttp 3324 18136 "GET /auth/login/?next=/dashboard/utilisateurs/ HTTP/1.1" 200 7210
INFO 2026-01-24 01:52:46,354 basehttp 3324 7980 "GET /dashboard/ventes/ HTTP/1.1" 200 43974
INFO 2026-01-24 01:52:48,521 basehttp 3324 1548 "GET /dashboard/ventes/ HTTP/1.1" 302 0
INFO 2026-01-24 01:52:49,090 basehttp 3324 2112 "GET /auth/login/?next=/dashboard/ventes/ HTTP/1.1" 200 7210
INFO 2026-01-24 01:52:55,552 basehttp 3324 7980 "GET /dashboard/ HTTP/1.1" 200 52092
INFO 2026-01-24 01:52:56,978 basehttp 3324 7980 "GET /dashboard/api/stats/?branche_id=all&period=month&devise=USD HTTP/1.1" 200 976
INFO 2026-01-24 01:53:04,002 basehttp 3324 7980 "GET /dashboard/api/stats/?branche_id=all&period=year&devise=USD HTTP/1.1" 200 555
INFO 2026-01-24 01:53:12,154 basehttp 3324 7980 "GET /dashboard/api/stats/?branche_id=all&period=today&devise=USD HTTP/1.1" 200 998
INFO 2026-01-24 01:53:17,364 basehttp 3324 7980 "GET /dashboard/api/stats/?branche_id=all&period=week&devise=USD HTTP/1.1" 200 690
INFO 2026-01-24 01:53:28,877 basehttp 3324 7980 "GET /dashboard/api/stats/?branche_id=all&period=week&devise=FC HTTP/1.1" 200 495
INFO 2026-01-24 01:53:35,172 basehttp 3324 7980 "GET /dashboard/api/stats/?branche_id=all&period=week&devise=USD HTTP/1.1" 200 690
INFO 2026-01-24 01:53:56,130 basehttp 3324 7980 "GET /api/shared/profile/ HTTP/1.1" 200 384
INFO 2026-01-24 01:53:58,237 basehttp 3324 5684 "GET /api/shared/profile/ HTTP/1.1" 302 0
INFO 2026-01-24 01:53:58,792 basehttp 3324 8772 "GET /auth/login/?next=/api/shared/profile/ HTTP/1.1" 200 7210
INFO 2026-01-24 01:54:05,840 basehttp 3324 7980 "GET /auth/logout/ HTTP/1.1" 302 0
INFO 2026-01-24 01:54:06,418 basehttp 3324 7980 "GET /auth/login/ HTTP/1.1" 200 7758
INFO 2026-01-24 01:54:09,416 basehttp 3324 7980 "GET /auth/login/ HTTP/1.1" 200 7210
INFO 2026-01-24 01:54:34,324 basehttp 3324 3428 "GET /auth/logout/ HTTP/1.1" 302 0
INFO 2026-01-24 01:54:34,334 basehttp 3324 3428 "GET /auth/login/ HTTP/1.1" 200 7758
INFO 2026-01-24 01:55:11,914 basehttp 3324 3428 "GET /auth/login/ HTTP/1.1" 200 7219
INFO 2026-01-24 01:55:18,962 basehttp 3324 18996 "GET /auth/login/ HTTP/1.1" 200 7219
INFO 2026-01-24 12:03:55,507 basehttp 3324 19956 "GET /auth/login/ HTTP/1.1" 200 7219
INFO 2026-01-26 13:24:48,985 autoreload 16952 16888 Watching for file changes with StatReloader
INFO 2026-01-26 13:24:54,913 basehttp 16952 10732 "GET / HTTP/1.1" 302 0
INFO 2026-01-26 13:24:55,147 basehttp 16952 10732 "GET /auth/login/ HTTP/1.1" 200 7219
WARNING 2026-01-26 13:24:56,443 log 16952 10732 Not Found: /favicon.ico
WARNING 2026-01-26 13:24:56,444 basehttp 16952 10732 "GET /favicon.ico HTTP/1.1" 404 3027
INFO 2026-01-26 13:25:03,098 basehttp 16952 10732 "POST /auth/login/ HTTP/1.1" 200 7517
INFO 2026-01-26 13:25:11,185 basehttp 16952 10732 "POST /auth/login/ HTTP/1.1" 302 0
INFO 2026-01-26 13:25:11,618 basehttp 16952 10732 "GET /dashboard/ HTTP/1.1" 200 52092
INFO 2026-01-26 13:25:12,002 basehttp 16952 10732 "GET /dashboard/api/stats/?branche_id=all&period=month&devise=USD HTTP/1.1" 200 1033
INFO 2026-01-26 13:25:16,641 basehttp 16952 10732 "GET /dashboard/api/stats/?branche_id=all&period=today&devise=USD HTTP/1.1" 200 763
INFO 2026-01-26 13:25:22,309 basehttp 16952 10732 "GET /dashboard/api/stats/?branche_id=all&period=week&devise=USD HTTP/1.1" 200 690
INFO 2026-01-26 13:25:32,097 basehttp 16952 10732 "GET /dashboard/api/stats/?branche_id=all&period=week&devise=FC HTTP/1.1" 200 495
INFO 2026-01-26 13:25:33,987 basehttp 16952 10732 "GET /dashboard/api/stats/?branche_id=all&period=week&devise=USD HTTP/1.1" 200 690
INFO 2026-01-26 13:25:35,119 basehttp 16952 10732 "GET /dashboard/api/stats/?branche_id=all&period=week&devise=USD HTTP/1.1" 200 690
INFO 2026-01-26 13:25:37,097 basehttp 16952 10732 "GET /dashboard/api/stats/?branche_id=all&period=week&devise=FC HTTP/1.1" 200 495
INFO 2026-01-26 13:25:37,743 basehttp 16952 10732 "GET /dashboard/api/stats/?branche_id=all&period=week&devise=FC HTTP/1.1" 200 495
INFO 2026-01-26 13:25:39,082 basehttp 16952 10732 "GET /dashboard/api/stats/?branche_id=all&period=week&devise=USD HTTP/1.1" 200 690
INFO 2026-01-26 13:25:40,514 basehttp 16952 10732 "GET /dashboard/branches/ HTTP/1.1" 200 59613
INFO 2026-01-26 13:25:40,951 basehttp 16952 10732 "GET /dashboard/api/users/?role=manager&assigned=false HTTP/1.1" 200 42
INFO 2026-01-26 13:25:41,656 basehttp 16952 10732 "GET /dashboard/ventes/ HTTP/1.1" 200 43974
INFO 2026-01-26 13:25:42,528 basehttp 16952 10732 "GET /dashboard/depenses/ HTTP/1.1" 200 63301
INFO 2026-01-26 13:26:08,872 basehttp 16952 10732 "GET /dashboard/documents/ HTTP/1.1" 200 67626
INFO 2026-01-26 13:26:13,796 basehttp 16952 10732 "GET /dashboard/api/documents/3/ HTTP/1.1" 200 240
INFO 2026-01-26 13:26:23,700 basehttp 16952 10732 "GET /dashboard/api/documents/2/download/ HTTP/1.1" 200 174747
INFO 2026-01-26 13:26:45,229 basehttp 16952 10732 "DELETE /dashboard/api/documents/2/delete/ HTTP/1.1" 200 71
INFO 2026-01-26 13:26:46,438 basehttp 16952 10732 "GET /dashboard/documents/ HTTP/1.1" 200 63044
INFO 2026-01-26 13:27:10,959 basehttp 16952 10732 "POST /dashboard/api/documents/upload/ HTTP/1.1" 200 120
INFO 2026-01-26 13:27:12,053 basehttp 16952 10732 "GET /dashboard/documents/ HTTP/1.1" 200 67655
INFO 2026-01-26 13:27:42,864 basehttp 16952 10732 "GET /dashboard/forex/ HTTP/1.1" 200 40919
INFO 2026-01-26 13:27:45,352 basehttp 16952 10732 "GET /dashboard/rapports/ HTTP/1.1" 200 46669
INFO 2026-01-26 13:27:45,711 basehttp 16952 10732 "GET /dashboard/api/stats/?period=month&currency=USD HTTP/1.1" 200 1033
WARNING 2026-01-26 13:29:01,481 log 16952 10732 Not Found: /dashboard/api/export/pdf/financial/
WARNING 2026-01-26 13:29:01,482 basehttp 16952 10732 "GET /dashboard/api/export/pdf/financial/?report_type=financial&branche_id=1&date_debut=2025-12-31&date_fin=2026-01-26&devise=USD&format=pdf&include_charts=on HTTP/1.1" 404 23730
INFO 2026-01-26 13:33:50,773 basehttp 16952 16712 "GET /dashboard/rapports/ HTTP/1.1" 200 41653
INFO 2026-01-26 13:38:42,274 autoreload 17276 12344 Watching for file changes with StatReloader
INFO 2026-01-26 13:38:47,314 basehttp 17276 12500 "GET /dashboard/rapports/ HTTP/1.1" 200 41653
INFO 2026-01-26 13:39:01,773 basehttp 17276 14496 "GET /dashboard/api/reports/financial/?period=month&branch_id=all&currency=both HTTP/1.1" 200 286
INFO 2026-01-26 13:39:12,755 basehttp 17276 19300 "GET /dashboard/api/export/pdf/financial/?period=month&branch_id=all HTTP/1.1" 200 1948
WARNING 2026-01-26 13:39:59,284 log 17276 19300 Not Found: /dashboard/api/reports/expenses/
WARNING 2026-01-26 13:39:59,285 basehttp 17276 19300 "GET /dashboard/api/reports/expenses/?period=month&branch_id=all&currency=both HTTP/1.1" 404 24851
INFO 2026-01-26 13:40:01,053 basehttp 17276 19300 "GET /dashboard/api/export/pdf/expenses/?period=month&branch_id=all HTTP/1.1" 200 1727
WARNING 2026-01-26 13:41:05,579 log 17276 13220 Not Found: /dashboard/api/reports/expenses/
WARNING 2026-01-26 13:41:05,579 basehttp 17276 13220 "GET /dashboard/api/reports/expenses/?period=month&branch_id=all&currency=both HTTP/1.1" 404 24851
INFO 2026-01-26 13:41:50,314 basehttp 17276 13220 "GET /dashboard/api/reports/sales/?period=month&branch_id=all&currency=both HTTP/1.1" 200 224
WARNING 2026-01-26 13:41:53,553 log 17276 13220 Not Found: /dashboard/api/reports/stock/
WARNING 2026-01-26 13:41:53,553 basehttp 17276 13220 "GET /dashboard/api/reports/stock/?period=month&branch_id=all&currency=both HTTP/1.1" 404 24842
INFO 2026-01-26 13:47:52,962 autoreload 17276 12344 D:\OWN PROJECTS\PETROX BUKAVU\CODEBASE\Petrox\apps\admin_module\views.py changed, reloading.
INFO 2026-01-26 13:47:53,858 autoreload 14628 9808 Watching for file changes with StatReloader
INFO 2026-01-26 13:49:24,208 autoreload 14628 9808 D:\OWN PROJECTS\PETROX BUKAVU\CODEBASE\Petrox\apps\admin_module\views.py changed, reloading.
INFO 2026-01-26 13:49:25,049 autoreload 15844 292 Watching for file changes with StatReloader
INFO 2026-01-26 13:49:38,801 autoreload 15844 292 D:\OWN PROJECTS\PETROX BUKAVU\CODEBASE\Petrox\apps\admin_module\urls.py changed, reloading.
INFO 2026-01-26 13:49:39,598 autoreload 13708 3940 Watching for file changes with StatReloader
INFO 2026-01-26 13:49:43,442 basehttp 13708 18208 "GET /dashboard/rapports/ HTTP/1.1" 200 41653
INFO 2026-01-26 13:50:01,702 basehttp 13708 18208 "GET /dashboard/api/export/pdf/expenses/?period=month&branch_id=all HTTP/1.1" 200 1728
INFO 2026-01-26 13:50:17,123 basehttp 13708 7288 "GET /dashboard/api/reports/expenses/?period=month&branch_id=all&currency=both HTTP/1.1" 200 390
INFO 2026-01-26 13:50:31,677 basehttp 13708 7288 "GET /dashboard/api/export/pdf/expenses/?period=month&branch_id=all HTTP/1.1" 200 1728
INFO 2026-01-26 13:50:50,275 basehttp 13708 9992 "GET /dashboard/api/export/excel/expenses/?period=month&branch_id=all HTTP/1.1" 200 4912
INFO 2026-01-26 13:51:21,008 basehttp 13708 15920 "GET /dashboard/api/reports/expenses/?period=week&branch_id=all&currency=both HTTP/1.1" 200 390
INFO 2026-01-26 13:51:35,253 basehttp 13708 19520 "GET /dashboard/api/export/pdf/expenses/?period=week&branch_id=all HTTP/1.1" 200 1729
INFO 2026-01-26 13:51:50,201 basehttp 13708 21420 "GET /dashboard/api/reports/sales/?period=month&branch_id=all&currency=both HTTP/1.1" 200 224
INFO 2026-01-26 13:51:57,328 basehttp 13708 21420 "GET /dashboard/api/reports/performance/?period=month&branch_id=all&currency=both HTTP/1.1" 200 259
INFO 2026-01-26 13:52:44,558 basehttp 13708 21420 "GET /dashboard/forex/ HTTP/1.1" 200 40919
INFO 2026-01-26 13:52:46,761 basehttp 13708 21420 "GET /dashboard/rapports/ HTTP/1.1" 200 41653
INFO 2026-01-26 13:52:52,102 basehttp 13708 21420 "GET /dashboard/api/reports/forex/?period=month&branch_id=all&currency=both HTTP/1.1" 200 224
INFO 2026-01-26 13:52:59,159 basehttp 13708 21420 "GET /dashboard/api/reports/sales/?period=month&branch_id=all&currency=both HTTP/1.1" 200 224
INFO 2026-01-26 13:53:04,136 basehttp 13708 21420 "GET /dashboard/api/reports/stock/?period=month&branch_id=all&currency=both HTTP/1.1" 200 414
WARNING 2026-01-26 13:53:21,950 log 13708 21420 Not Found: /shared/notifications/
WARNING 2026-01-26 13:53:21,951 basehttp 13708 21420 "GET /shared/notifications/ HTTP/1.1" 404 3057
INFO 2026-01-26 13:53:30,933 basehttp 13708 21420 "GET /api/shared/profile/ HTTP/1.1" 200 384
INFO 2026-01-26 14:02:50,257 basehttp 13708 6024 "GET /dashboard/carburants/ HTTP/1.1" 200 80520
ERROR 2026-01-26 14:02:56,228 log 13708 6024 Internal Server Error: /dashboard/salaires/
Traceback (most recent call last):
  File "D:\OWN PROJECTS\PETROX BUKAVU\CODEBASE\Petrox\venv\Lib\site-packages\django\template\backends\django.py", line 61, in render
    return self.template.render(context)
           ~~~~~~~~~~~~~~~~~~~~^^^^^^^^^
  File "D:\OWN PROJECTS\PETROX BUKAVU\CODEBASE\Petrox\venv\Lib\site-packages\django\template\base.py", line 175, in render
    return self._render(context)
           ~~~~~~~~~~~~^^^^^^^^^
  File "D:\OWN PROJECTS\PETROX BUKAVU\CODEBASE\Petrox\venv\Lib\site-packages\django\template\base.py", line 167, in _render
    return self.nodelist.render(context)
           ~~~~~~~~~~~~~~~~~~~~^^^^^^^^^
  File "D:\OWN PROJECTS\PETROX BUKAVU\CODEBASE\Petrox\venv\Lib\site-packages\django\template\base.py", line 1005, in render
    return SafeString("".join([node.render_annotated(context) for node in self]))
                               ~~~~~~~~~~~~~~~~~~~~~^^^^^^^^^
  File "D:\OWN PROJECTS\PETROX BUKAVU\CODEBASE\Petrox\venv\Lib\site-packages\django\template\base.py", line 966, in render_annotated
    return self.render(context)
           ~~~~~~~~~~~^^^^^^^^^
  File "D:\OWN PROJECTS\PETROX BUKAVU\CODEBASE\Petrox\venv\Lib\site-packages\django\template\loader_tags.py", line 132, in render
    compiled_parent = self.get_parent(context)
  File "D:\OWN PROJECTS\PETROX BUKAVU\CODEBASE\Petrox\venv\Lib\site-packages\django\template\loader_tags.py", line 129, in get_parent
    return self.find_template(parent, context)
           ~~~~~~~~~~~~~~~~~~^^^^^^^^^^^^^^^^^
  File "D:\OWN PROJECTS\PETROX BUKAVU\CODEBASE\Petrox\venv\Lib\site-packages\django\template\loader_tags.py", line 107, in find_template
    template, origin = context.template.engine.find_template(
                       ~~~~~~~~~~~~~~~~~~~~~~~~~~~~~~~~~~~~~^
        template_name,
        ^^^^^^^^^^^^^^
        skip=history,
        ^^^^^^^^^^^^^
    )
    ^
  File "D:\OWN PROJECTS\PETROX BUKAVU\CODEBASE\Petrox\venv\Lib\site-packages\django\template\engine.py", line 161, in find_template
    raise TemplateDoesNotExist(name, tried=tried)
django.template.exceptions.TemplateDoesNotExist: base.html

The above exception was the direct cause of the following exception:

Traceback (most recent call last):
  File "D:\OWN PROJECTS\PETROX BUKAVU\CODEBASE\Petrox\venv\Lib\site-packages\django\core\handlers\exception.py", line 55, in inner
    response = get_response(request)
  File "D:\OWN PROJECTS\PETROX BUKAVU\CODEBASE\Petrox\venv\Lib\site-packages\django\core\handlers\base.py", line 220, in _get_response
    response = response.render()
  File "D:\OWN PROJECTS\PETROX BUKAVU\CODEBASE\Petrox\venv\Lib\site-packages\django\template\response.py", line 114, in render
    self.content = self.rendered_content
                   ^^^^^^^^^^^^^^^^^^^^^
  File "D:\OWN PROJECTS\PETROX BUKAVU\CODEBASE\Petrox\venv\Lib\site-packages\django\template\response.py", line 92, in rendered_content
    return template.render(context, self._request)
           ~~~~~~~~~~~~~~~^^^^^^^^^^^^^^^^^^^^^^^^
  File "D:\OWN PROJECTS\PETROX BUKAVU\CODEBASE\Petrox\venv\Lib\site-packages\django\template\backends\django.py", line 63, in render
    reraise(exc, self.backend)
    ~~~~~~~^^^^^^^^^^^^^^^^^^^
  File "D:\OWN PROJECTS\PETROX BUKAVU\CODEBASE\Petrox\venv\Lib\site-packages\django\template\backends\django.py", line 84, in reraise
    raise new from exc
django.template.exceptions.TemplateDoesNotExist: base.html
ERROR 2026-01-26 14:02:56,239 basehttp 13708 6024 "GET /dashboard/salaires/ HTTP/1.1" 500 140443
INFO 2026-01-26 14:03:47,061 autoreload 13964 14028 Watching for file changes with StatReloader
INFO 2026-01-26 14:03:53,976 basehttp 13964 3152 "GET /dashboard/salaires/ HTTP/1.1" 200 29575
INFO 2026-01-26 14:04:05,419 basehttp 13964 13144 "GET /dashboard/salaires/?branche_id=1&period=month&search= HTTP/1.1" 200 29581
INFO 2026-01-26 14:04:37,868 basehttp 13964 10296 "GET /dashboard/salaires/?branche_id=1&period=month&search= HTTP/1.1" 200 39119
INFO 2026-01-26 14:04:47,864 basehttp 13964 8800 "GET /dashboard/salaires/?employee_type=system&period=month HTTP/1.1" 200 39129
INFO 2026-01-26 14:05:43,124 autoreload 13964 14028 D:\OWN PROJECTS\PETROX BUKAVU\CODEBASE\Petrox\apps\admin_module\views.py changed, reloading.
INFO 2026-01-26 14:05:44,123 autoreload 14068 14344 Watching for file changes with StatReloader
INFO 2026-01-26 14:06:09,403 autoreload 14068 14344 D:\OWN PROJECTS\PETROX BUKAVU\CODEBASE\Petrox\apps\admin_module\views.py changed, reloading.
INFO 2026-01-26 14:06:10,366 autoreload 9752 16232 Watching for file changes with StatReloader
INFO 2026-01-26 14:08:19,551 autoreload 13068 9192 Watching for file changes with StatReloader
INFO 2026-01-26 14:08:26,732 basehttp 13068 7476 "GET /dashboard/salaires/?employee_type=system&period=month HTTP/1.1" 200 39129
INFO 2026-01-26 14:09:03,600 basehttp 13068 14468 "GET /dashboard/salaires/?employee_type=system&period=all HTTP/1.1" 200 39129
INFO 2026-01-26 14:09:48,865 basehttp 13068 14468 "GET /dashboard/documents/ HTTP/1.1" 200 67655
INFO 2026-01-26 14:12:07,503 basehttp 13068 14468 "GET /dashboard/ HTTP/1.1" 200 52210
INFO 2026-01-26 14:12:08,023 basehttp 13068 14468 "GET /dashboard/api/stats/?branche_id=all&period=month&devise=USD HTTP/1.1" 200 1033
INFO 2026-01-26 14:12:14,026 basehttp 13068 14468 "GET /dashboard/branches/ HTTP/1.1" 200 59731
INFO 2026-01-26 14:12:14,260 basehttp 13068 14468 "GET /dashboard/api/users/?role=manager&assigned=false HTTP/1.1" 200 42
INFO 2026-01-26 14:12:16,109 basehttp 13068 14468 "GET /dashboard/salaires/ HTTP/1.1" 200 39121
INFO 2026-01-26 14:13:18,506 basehttp 13068 14468 "GET /dashboard/ventes/ HTTP/1.1" 200 44120
INFO 2026-01-26 14:13:38,349 basehttp 13068 14468 "GET /dashboard/abonnes/ HTTP/1.1" 200 73883
INFO 2026-01-26 14:15:02,838 basehttp 13068 14468 "GET /dashboard/abonnes/ HTTP/1.1" 200 73883
INFO 2026-01-26 14:15:05,004 basehttp 13068 14468 "GET /dashboard/salaires/ HTTP/1.1" 200 39121
INFO 2026-01-26 14:15:07,363 basehttp 13068 14468 "GET /dashboard/branches/ HTTP/1.1" 200 59759
INFO 2026-01-26 14:15:07,563 basehttp 13068 14468 "GET /dashboard/api/users/?role=manager&assigned=false HTTP/1.1" 200 42
INFO 2026-01-26 14:15:08,182 basehttp 13068 14468 "GET /dashboard/ventes/ HTTP/1.1" 200 44120
INFO 2026-01-26 14:15:09,508 basehttp 13068 14468 "GET /dashboard/depenses/ HTTP/1.1" 200 63447
INFO 2026-01-26 14:16:24,408 basehttp 13068 14468 "GET /dashboard/api/depenses/1/ HTTP/1.1" 200 333
INFO 2026-01-26 14:24:22,873 autoreload 13068 9192 D:\OWN PROJECTS\PETROX BUKAVU\CODEBASE\Petrox\apps\admin_module\views.py changed, reloading.
INFO 2026-01-26 14:24:24,166 autoreload 12800 15732 Watching for file changes with StatReloader
INFO 2026-01-26 14:24:54,596 autoreload 12800 15732 D:\OWN PROJECTS\PETROX BUKAVU\CODEBASE\Petrox\apps\admin_module\urls.py changed, reloading.
INFO 2026-01-26 14:24:55,453 autoreload 11708 5488 Watching for file changes with StatReloader
INFO 2026-01-26 14:24:59,354 basehttp 11708 13960 "GET /dashboard/depenses/ HTTP/1.1" 200 63447
WARNING 2026-01-26 14:25:01,579 log 11708 10096 Not Found: /shared/notifications/
WARNING 2026-01-26 14:25:01,580 basehttp 11708 10096 "GET /shared/notifications/ HTTP/1.1" 404 3057
INFO 2026-01-26 14:25:25,743 basehttp 11708 15112 "GET /dashboard/carburants/ HTTP/1.1" 200 80666
ERROR 2026-01-26 14:25:45,154 log 11708 15112 Internal Server Error: /dashboard/notifications/
Traceback (most recent call last):
  File "D:\OWN PROJECTS\PETROX BUKAVU\CODEBASE\Petrox\venv\Lib\site-packages\django\core\handlers\exception.py", line 55, in inner
    response = get_response(request)
  File "D:\OWN PROJECTS\PETROX BUKAVU\CODEBASE\Petrox\venv\Lib\site-packages\django\core\handlers\base.py", line 220, in _get_response
    response = response.render()
  File "D:\OWN PROJECTS\PETROX BUKAVU\CODEBASE\Petrox\venv\Lib\site-packages\django\template\response.py", line 114, in render
    self.content = self.rendered_content
                   ^^^^^^^^^^^^^^^^^^^^^
  File "D:\OWN PROJECTS\PETROX BUKAVU\CODEBASE\Petrox\venv\Lib\site-packages\django\template\response.py", line 92, in rendered_content
    return template.render(context, self._request)
           ~~~~~~~~~~~~~~~^^^^^^^^^^^^^^^^^^^^^^^^
  File "D:\OWN PROJECTS\PETROX BUKAVU\CODEBASE\Petrox\venv\Lib\site-packages\django\template\backends\django.py", line 61, in render
    return self.template.render(context)
           ~~~~~~~~~~~~~~~~~~~~^^^^^^^^^
  File "D:\OWN PROJECTS\PETROX BUKAVU\CODEBASE\Petrox\venv\Lib\site-packages\django\template\base.py", line 175, in render
    return self._render(context)
           ~~~~~~~~~~~~^^^^^^^^^
  File "D:\OWN PROJECTS\PETROX BUKAVU\CODEBASE\Petrox\venv\Lib\site-packages\django\template\base.py", line 167, in _render
    return self.nodelist.render(context)
           ~~~~~~~~~~~~~~~~~~~~^^^^^^^^^
  File "D:\OWN PROJECTS\PETROX BUKAVU\CODEBASE\Petrox\venv\Lib\site-packages\django\template\base.py", line 1005, in render
    return SafeString("".join([node.render_annotated(context) for node in self]))
                               ~~~~~~~~~~~~~~~~~~~~~^^^^^^^^^
  File "D:\OWN PROJECTS\PETROX BUKAVU\CODEBASE\Petrox\venv\Lib\site-packages\django\template\base.py", line 966, in render_annotated
    return self.render(context)
           ~~~~~~~~~~~^^^^^^^^^
  File "D:\OWN PROJECTS\PETROX BUKAVU\CODEBASE\Petrox\venv\Lib\site-packages\django\template\loader_tags.py", line 157, in render
    return compiled_parent._render(context)
           ~~~~~~~~~~~~~~~~~~~~~~~^^^^^^^^^
  File "D:\OWN PROJECTS\PETROX BUKAVU\CODEBASE\Petrox\venv\Lib\site-packages\django\template\base.py", line 167, in _render
    return self.nodelist.render(context)
           ~~~~~~~~~~~~~~~~~~~~^^^^^^^^^
  File "D:\OWN PROJECTS\PETROX BUKAVU\CODEBASE\Petrox\venv\Lib\site-packages\django\template\base.py", line 1005, in render
    return SafeString("".join([node.render_annotated(context) for node in self]))
                               ~~~~~~~~~~~~~~~~~~~~~^^^^^^^^^
  File "D:\OWN PROJECTS\PETROX BUKAVU\CODEBASE\Petrox\venv\Lib\site-packages\django\template\base.py", line 966, in render_annotated
    return self.render(context)
           ~~~~~~~~~~~^^^^^^^^^
  File "D:\OWN PROJECTS\PETROX BUKAVU\CODEBASE\Petrox\venv\Lib\site-packages\django\template\loader_tags.py", line 63, in render
    result = block.nodelist.render(context)
  File "D:\OWN PROJECTS\PETROX BUKAVU\CODEBASE\Petrox\venv\Lib\site-packages\django\template\base.py", line 1005, in render
    return SafeString("".join([node.render_annotated(context) for node in self]))
                               ~~~~~~~~~~~~~~~~~~~~~^^^^^^^^^
  File "D:\OWN PROJECTS\PETROX BUKAVU\CODEBASE\Petrox\venv\Lib\site-packages\django\template\base.py", line 966, in render_annotated
    return self.render(context)
           ~~~~~~~~~~~^^^^^^^^^
  File "D:\OWN PROJECTS\PETROX BUKAVU\CODEBASE\Petrox\venv\Lib\site-packages\django\template\defaulttags.py", line 471, in render
    url = reverse(view_name, args=args, kwargs=kwargs, current_app=current_app)
  File "D:\OWN PROJECTS\PETROX BUKAVU\CODEBASE\Petrox\venv\Lib\site-packages\django\urls\base.py", line 88, in reverse
    return resolver._reverse_with_prefix(view, prefix, *args, **kwargs)
           ~~~~~~~~~~~~~~~~~~~~~~~~~~~~~^^^^^^^^^^^^^^^^^^^^^^^^^^^^^^^
  File "D:\OWN PROJECTS\PETROX BUKAVU\CODEBASE\Petrox\venv\Lib\site-packages\django\urls\resolvers.py", line 828, in _reverse_with_prefix
    raise NoReverseMatch(msg)
django.urls.exceptions.NoReverseMatch: Reverse for 'notifications' not found. 'notifications' is not a valid view function or pattern name.
ERROR 2026-01-26 14:25:45,166 basehttp 11708 15112 "GET /dashboard/notifications/ HTTP/1.1" 500 177071
ERROR 2026-01-26 14:26:28,881 log 11708 15112 Internal Server Error: /dashboard/notifications/
Traceback (most recent call last):
  File "D:\OWN PROJECTS\PETROX BUKAVU\CODEBASE\Petrox\venv\Lib\site-packages\django\core\handlers\exception.py", line 55, in inner
    response = get_response(request)
  File "D:\OWN PROJECTS\PETROX BUKAVU\CODEBASE\Petrox\venv\Lib\site-packages\django\core\handlers\base.py", line 220, in _get_response
    response = response.render()
  File "D:\OWN PROJECTS\PETROX BUKAVU\CODEBASE\Petrox\venv\Lib\site-packages\django\template\response.py", line 114, in render
    self.content = self.rendered_content
                   ^^^^^^^^^^^^^^^^^^^^^
  File "D:\OWN PROJECTS\PETROX BUKAVU\CODEBASE\Petrox\venv\Lib\site-packages\django\template\response.py", line 92, in rendered_content
    return template.render(context, self._request)
           ~~~~~~~~~~~~~~~^^^^^^^^^^^^^^^^^^^^^^^^
  File "D:\OWN PROJECTS\PETROX BUKAVU\CODEBASE\Petrox\venv\Lib\site-packages\django\template\backends\django.py", line 61, in render
    return self.template.render(context)
           ~~~~~~~~~~~~~~~~~~~~^^^^^^^^^
  File "D:\OWN PROJECTS\PETROX BUKAVU\CODEBASE\Petrox\venv\Lib\site-packages\django\template\base.py", line 175, in render
    return self._render(context)
           ~~~~~~~~~~~~^^^^^^^^^
  File "D:\OWN PROJECTS\PETROX BUKAVU\CODEBASE\Petrox\venv\Lib\site-packages\django\template\base.py", line 167, in _render
    return self.nodelist.render(context)
           ~~~~~~~~~~~~~~~~~~~~^^^^^^^^^
  File "D:\OWN PROJECTS\PETROX BUKAVU\CODEBASE\Petrox\venv\Lib\site-packages\django\template\base.py", line 1005, in render
    return SafeString("".join([node.render_annotated(context) for node in self]))
                               ~~~~~~~~~~~~~~~~~~~~~^^^^^^^^^
  File "D:\OWN PROJECTS\PETROX BUKAVU\CODEBASE\Petrox\venv\Lib\site-packages\django\template\base.py", line 966, in render_annotated
    return self.render(context)
           ~~~~~~~~~~~^^^^^^^^^
  File "D:\OWN PROJECTS\PETROX BUKAVU\CODEBASE\Petrox\venv\Lib\site-packages\django\template\loader_tags.py", line 157, in render
    return compiled_parent._render(context)
           ~~~~~~~~~~~~~~~~~~~~~~~^^^^^^^^^
  File "D:\OWN PROJECTS\PETROX BUKAVU\CODEBASE\Petrox\venv\Lib\site-packages\django\template\base.py", line 167, in _render
    return self.nodelist.render(context)
           ~~~~~~~~~~~~~~~~~~~~^^^^^^^^^
  File "D:\OWN PROJECTS\PETROX BUKAVU\CODEBASE\Petrox\venv\Lib\site-packages\django\template\base.py", line 1005, in render
    return SafeString("".join([node.render_annotated(context) for node in self]))
                               ~~~~~~~~~~~~~~~~~~~~~^^^^^^^^^
  File "D:\OWN PROJECTS\PETROX BUKAVU\CODEBASE\Petrox\venv\Lib\site-packages\django\template\base.py", line 966, in render_annotated
    return self.render(context)
           ~~~~~~~~~~~^^^^^^^^^
  File "D:\OWN PROJECTS\PETROX BUKAVU\CODEBASE\Petrox\venv\Lib\site-packages\django\template\loader_tags.py", line 63, in render
    result = block.nodelist.render(context)
  File "D:\OWN PROJECTS\PETROX BUKAVU\CODEBASE\Petrox\venv\Lib\site-packages\django\template\base.py", line 1005, in render
    return SafeString("".join([node.render_annotated(context) for node in self]))
                               ~~~~~~~~~~~~~~~~~~~~~^^^^^^^^^
  File "D:\OWN PROJECTS\PETROX BUKAVU\CODEBASE\Petrox\venv\Lib\site-packages\django\template\base.py", line 966, in render_annotated
    return self.render(context)
           ~~~~~~~~~~~^^^^^^^^^
  File "D:\OWN PROJECTS\PETROX BUKAVU\CODEBASE\Petrox\venv\Lib\site-packages\django\template\defaulttags.py", line 471, in render
    url = reverse(view_name, args=args, kwargs=kwargs, current_app=current_app)
  File "D:\OWN PROJECTS\PETROX BUKAVU\CODEBASE\Petrox\venv\Lib\site-packages\django\urls\base.py", line 88, in reverse
    return resolver._reverse_with_prefix(view, prefix, *args, **kwargs)
           ~~~~~~~~~~~~~~~~~~~~~~~~~~~~~^^^^^^^^^^^^^^^^^^^^^^^^^^^^^^^
  File "D:\OWN PROJECTS\PETROX BUKAVU\CODEBASE\Petrox\venv\Lib\site-packages\django\urls\resolvers.py", line 828, in _reverse_with_prefix
    raise NoReverseMatch(msg)
django.urls.exceptions.NoReverseMatch: Reverse for 'notifications' not found. 'notifications' is not a valid view function or pattern name.
ERROR 2026-01-26 14:26:28,890 basehttp 11708 15112 "GET /dashboard/notifications/ HTTP/1.1" 500 177238
ERROR 2026-01-26 14:26:38,311 log 11708 15112 Internal Server Error: /dashboard/notifications/
Traceback (most recent call last):
  File "D:\OWN PROJECTS\PETROX BUKAVU\CODEBASE\Petrox\venv\Lib\site-packages\django\core\handlers\exception.py", line 55, in inner
    response = get_response(request)
  File "D:\OWN PROJECTS\PETROX BUKAVU\CODEBASE\Petrox\venv\Lib\site-packages\django\core\handlers\base.py", line 220, in _get_response
    response = response.render()
  File "D:\OWN PROJECTS\PETROX BUKAVU\CODEBASE\Petrox\venv\Lib\site-packages\django\template\response.py", line 114, in render
    self.content = self.rendered_content
                   ^^^^^^^^^^^^^^^^^^^^^
  File "D:\OWN PROJECTS\PETROX BUKAVU\CODEBASE\Petrox\venv\Lib\site-packages\django\template\response.py", line 92, in rendered_content
    return template.render(context, self._request)
           ~~~~~~~~~~~~~~~^^^^^^^^^^^^^^^^^^^^^^^^
  File "D:\OWN PROJECTS\PETROX BUKAVU\CODEBASE\Petrox\venv\Lib\site-packages\django\template\backends\django.py", line 61, in render
    return self.template.render(context)
           ~~~~~~~~~~~~~~~~~~~~^^^^^^^^^
  File "D:\OWN PROJECTS\PETROX BUKAVU\CODEBASE\Petrox\venv\Lib\site-packages\django\template\base.py", line 175, in render
    return self._render(context)
           ~~~~~~~~~~~~^^^^^^^^^
  File "D:\OWN PROJECTS\PETROX BUKAVU\CODEBASE\Petrox\venv\Lib\site-packages\django\template\base.py", line 167, in _render
    return self.nodelist.render(context)
           ~~~~~~~~~~~~~~~~~~~~^^^^^^^^^
  File "D:\OWN PROJECTS\PETROX BUKAVU\CODEBASE\Petrox\venv\Lib\site-packages\django\template\base.py", line 1005, in render
    return SafeString("".join([node.render_annotated(context) for node in self]))
                               ~~~~~~~~~~~~~~~~~~~~~^^^^^^^^^
  File "D:\OWN PROJECTS\PETROX BUKAVU\CODEBASE\Petrox\venv\Lib\site-packages\django\template\base.py", line 966, in render_annotated
    return self.render(context)
           ~~~~~~~~~~~^^^^^^^^^
  File "D:\OWN PROJECTS\PETROX BUKAVU\CODEBASE\Petrox\venv\Lib\site-packages\django\template\loader_tags.py", line 157, in render
    return compiled_parent._render(context)
           ~~~~~~~~~~~~~~~~~~~~~~~^^^^^^^^^
  File "D:\OWN PROJECTS\PETROX BUKAVU\CODEBASE\Petrox\venv\Lib\site-packages\django\template\base.py", line 167, in _render
    return self.nodelist.render(context)
           ~~~~~~~~~~~~~~~~~~~~^^^^^^^^^
  File "D:\OWN PROJECTS\PETROX BUKAVU\CODEBASE\Petrox\venv\Lib\site-packages\django\template\base.py", line 1005, in render
    return SafeString("".join([node.render_annotated(context) for node in self]))
                               ~~~~~~~~~~~~~~~~~~~~~^^^^^^^^^
  File "D:\OWN PROJECTS\PETROX BUKAVU\CODEBASE\Petrox\venv\Lib\site-packages\django\template\base.py", line 966, in render_annotated
    return self.render(context)
           ~~~~~~~~~~~^^^^^^^^^
  File "D:\OWN PROJECTS\PETROX BUKAVU\CODEBASE\Petrox\venv\Lib\site-packages\django\template\loader_tags.py", line 63, in render
    result = block.nodelist.render(context)
  File "D:\OWN PROJECTS\PETROX BUKAVU\CODEBASE\Petrox\venv\Lib\site-packages\django\template\base.py", line 1005, in render
    return SafeString("".join([node.render_annotated(context) for node in self]))
                               ~~~~~~~~~~~~~~~~~~~~~^^^^^^^^^
  File "D:\OWN PROJECTS\PETROX BUKAVU\CODEBASE\Petrox\venv\Lib\site-packages\django\template\base.py", line 966, in render_annotated
    return self.render(context)
           ~~~~~~~~~~~^^^^^^^^^
  File "D:\OWN PROJECTS\PETROX BUKAVU\CODEBASE\Petrox\venv\Lib\site-packages\django\template\defaulttags.py", line 471, in render
    url = reverse(view_name, args=args, kwargs=kwargs, current_app=current_app)
  File "D:\OWN PROJECTS\PETROX BUKAVU\CODEBASE\Petrox\venv\Lib\site-packages\django\urls\base.py", line 88, in reverse
    return resolver._reverse_with_prefix(view, prefix, *args, **kwargs)
           ~~~~~~~~~~~~~~~~~~~~~~~~~~~~~^^^^^^^^^^^^^^^^^^^^^^^^^^^^^^^
  File "D:\OWN PROJECTS\PETROX BUKAVU\CODEBASE\Petrox\venv\Lib\site-packages\django\urls\resolvers.py", line 828, in _reverse_with_prefix
    raise NoReverseMatch(msg)
django.urls.exceptions.NoReverseMatch: Reverse for 'notifications' not found. 'notifications' is not a valid view function or pattern name.
ERROR 2026-01-26 14:26:38,322 basehttp 11708 15112 "GET /dashboard/notifications/ HTTP/1.1" 500 175220
INFO 2026-01-26 14:28:06,827 autoreload 11708 5488 D:\OWN PROJECTS\PETROX BUKAVU\CODEBASE\Petrox\apps\admin_module\urls.py changed, reloading.
INFO 2026-01-26 14:28:07,626 autoreload 13372 1540 Watching for file changes with StatReloader
ERROR 2026-01-26 14:28:09,873 log 13372 1580 Internal Server Error: /dashboard/notifications/
Traceback (most recent call last):
  File "D:\OWN PROJECTS\PETROX BUKAVU\CODEBASE\Petrox\venv\Lib\site-packages\django\core\handlers\exception.py", line 55, in inner
    response = get_response(request)
  File "D:\OWN PROJECTS\PETROX BUKAVU\CODEBASE\Petrox\venv\Lib\site-packages\django\core\handlers\base.py", line 220, in _get_response
    response = response.render()
  File "D:\OWN PROJECTS\PETROX BUKAVU\CODEBASE\Petrox\venv\Lib\site-packages\django\template\response.py", line 114, in render
    self.content = self.rendered_content
                   ^^^^^^^^^^^^^^^^^^^^^
  File "D:\OWN PROJECTS\PETROX BUKAVU\CODEBASE\Petrox\venv\Lib\site-packages\django\template\response.py", line 92, in rendered_content
    return template.render(context, self._request)
           ~~~~~~~~~~~~~~~^^^^^^^^^^^^^^^^^^^^^^^^
  File "D:\OWN PROJECTS\PETROX BUKAVU\CODEBASE\Petrox\venv\Lib\site-packages\django\template\backends\django.py", line 61, in render
    return self.template.render(context)
           ~~~~~~~~~~~~~~~~~~~~^^^^^^^^^
  File "D:\OWN PROJECTS\PETROX BUKAVU\CODEBASE\Petrox\venv\Lib\site-packages\django\template\base.py", line 175, in render
    return self._render(context)
           ~~~~~~~~~~~~^^^^^^^^^
  File "D:\OWN PROJECTS\PETROX BUKAVU\CODEBASE\Petrox\venv\Lib\site-packages\django\template\base.py", line 167, in _render
    return self.nodelist.render(context)
           ~~~~~~~~~~~~~~~~~~~~^^^^^^^^^
  File "D:\OWN PROJECTS\PETROX BUKAVU\CODEBASE\Petrox\venv\Lib\site-packages\django\template\base.py", line 1005, in render
    return SafeString("".join([node.render_annotated(context) for node in self]))
                               ~~~~~~~~~~~~~~~~~~~~~^^^^^^^^^
  File "D:\OWN PROJECTS\PETROX BUKAVU\CODEBASE\Petrox\venv\Lib\site-packages\django\template\base.py", line 966, in render_annotated
    return self.render(context)
           ~~~~~~~~~~~^^^^^^^^^
  File "D:\OWN PROJECTS\PETROX BUKAVU\CODEBASE\Petrox\venv\Lib\site-packages\django\template\loader_tags.py", line 157, in render
    return compiled_parent._render(context)
           ~~~~~~~~~~~~~~~~~~~~~~~^^^^^^^^^
  File "D:\OWN PROJECTS\PETROX BUKAVU\CODEBASE\Petrox\venv\Lib\site-packages\django\template\base.py", line 167, in _render
    return self.nodelist.render(context)
           ~~~~~~~~~~~~~~~~~~~~^^^^^^^^^
  File "D:\OWN PROJECTS\PETROX BUKAVU\CODEBASE\Petrox\venv\Lib\site-packages\django\template\base.py", line 1005, in render
    return SafeString("".join([node.render_annotated(context) for node in self]))
                               ~~~~~~~~~~~~~~~~~~~~~^^^^^^^^^
  File "D:\OWN PROJECTS\PETROX BUKAVU\CODEBASE\Petrox\venv\Lib\site-packages\django\template\base.py", line 966, in render_annotated
    return self.render(context)
           ~~~~~~~~~~~^^^^^^^^^
  File "D:\OWN PROJECTS\PETROX BUKAVU\CODEBASE\Petrox\venv\Lib\site-packages\django\template\loader_tags.py", line 63, in render
    result = block.nodelist.render(context)
  File "D:\OWN PROJECTS\PETROX BUKAVU\CODEBASE\Petrox\venv\Lib\site-packages\django\template\base.py", line 1005, in render
    return SafeString("".join([node.render_annotated(context) for node in self]))
                               ~~~~~~~~~~~~~~~~~~~~~^^^^^^^^^
  File "D:\OWN PROJECTS\PETROX BUKAVU\CODEBASE\Petrox\venv\Lib\site-packages\django\template\base.py", line 966, in render_annotated
    return self.render(context)
           ~~~~~~~~~~~^^^^^^^^^
  File "D:\OWN PROJECTS\PETROX BUKAVU\CODEBASE\Petrox\venv\Lib\site-packages\django\template\defaulttags.py", line 471, in render
    url = reverse(view_name, args=args, kwargs=kwargs, current_app=current_app)
  File "D:\OWN PROJECTS\PETROX BUKAVU\CODEBASE\Petrox\venv\Lib\site-packages\django\urls\base.py", line 88, in reverse
    return resolver._reverse_with_prefix(view, prefix, *args, **kwargs)
           ~~~~~~~~~~~~~~~~~~~~~~~~~~~~~^^^^^^^^^^^^^^^^^^^^^^^^^^^^^^^
  File "D:\OWN PROJECTS\PETROX BUKAVU\CODEBASE\Petrox\venv\Lib\site-packages\django\urls\resolvers.py", line 828, in _reverse_with_prefix
    raise NoReverseMatch(msg)
django.urls.exceptions.NoReverseMatch: Reverse for 'notifications' not found. 'notifications' is not a valid view function or pattern name.
ERROR 2026-01-26 14:28:09,886 basehttp 13372 1580 "GET /dashboard/notifications/ HTTP/1.1" 500 177208
INFO 2026-01-26 14:28:32,247 autoreload 13372 1540 D:\OWN PROJECTS\PETROX BUKAVU\CODEBASE\Petrox\apps\admin_module\urls.py changed, reloading.
INFO 2026-01-26 14:28:33,198 autoreload 6296 20408 Watching for file changes with StatReloader
INFO 2026-01-26 14:28:35,151 basehttp 6296 6828 "GET /dashboard/notifications/ HTTP/1.1" 200 33811
INFO 2026-01-26 14:28:44,913 basehttp 6296 6828 "GET /dashboard/notifications/ HTTP/1.1" 200 33811
WARNING 2026-01-26 14:28:50,539 log 6296 6828 Not Found: /shared/notifications/
WARNING 2026-01-26 14:28:50,539 basehttp 6296 6828 "GET /shared/notifications/ HTTP/1.1" 404 3057
WARNING 2026-01-26 14:29:24,849 log 6296 6828 Not Found: /dashboard/notifications/count/
WARNING 2026-01-26 14:29:24,850 basehttp 6296 6828 "GET /dashboard/notifications/count/ HTTP/1.1" 404 27253
INFO 2026-01-26 14:33:52,713 basehttp 6296 1408 "GET /dashboard/branches/ HTTP/1.1" 200 59759
INFO 2026-01-26 14:33:53,057 basehttp 6296 1408 "GET /dashboard/api/users/?role=manager&assigned=false HTTP/1.1" 200 42
INFO 2026-01-26 14:33:55,062 basehttp 6296 1408 "GET /dashboard/ventes/ HTTP/1.1" 200 44120
INFO 2026-01-26 14:33:57,363 basehttp 6296 1408 "GET /dashboard/depenses/ HTTP/1.1" 200 63447
INFO 2026-01-26 14:33:59,861 basehttp 6296 1408 "GET /dashboard/carburants/ HTTP/1.1" 200 80666
INFO 2026-01-26 14:34:04,174 basehttp 6296 1408 "GET /dashboard/abonnes/ HTTP/1.1" 200 73883
INFO 2026-01-26 14:34:07,717 basehttp 6296 1408 "GET /dashboard/utilisateurs/ HTTP/1.1" 200 113088
INFO 2026-01-26 14:34:12,380 basehttp 6296 1408 "GET /dashboard/salaires/ HTTP/1.1" 200 39121
INFO 2026-01-26 14:34:18,059 basehttp 6296 1408 "GET /dashboard/documents/ HTTP/1.1" 200 67801
INFO 2026-01-26 14:34:25,511 basehttp 6296 1408 "GET /dashboard/forex/ HTTP/1.1" 200 41065
INFO 2026-01-26 14:34:42,033 basehttp 6296 1408 "POST /dashboard/api/forex/update-rate/ HTTP/1.1" 200 172
INFO 2026-01-26 14:34:43,275 basehttp 6296 1408 "GET /dashboard/forex/ HTTP/1.1" 200 41556
INFO 2026-01-26 14:39:47,411 autoreload 6296 20408 D:\OWN PROJECTS\PETROX BUKAVU\CODEBASE\Petrox\apps\shared\views.py changed, reloading.
INFO 2026-01-26 14:39:48,170 autoreload 14188 5184 Watching for file changes with StatReloader
INFO 2026-01-26 14:41:05,832 autoreload 14188 5184 D:\OWN PROJECTS\PETROX BUKAVU\CODEBASE\Petrox\apps\shared\urls.py changed, reloading.
INFO 2026-01-26 14:41:06,604 autoreload 16448 8648 Watching for file changes with StatReloader
INFO 2026-01-26 14:42:15,270 autoreload 16448 8648 D:\OWN PROJECTS\PETROX BUKAVU\CODEBASE\Petrox\petrox_project\urls.py changed, reloading.
INFO 2026-01-26 14:42:16,076 autoreload 18872 9932 Watching for file changes with StatReloader
INFO 2026-01-26 14:42:21,774 basehttp 18872 12576 "GET /dashboard/forex/ HTTP/1.1" 200 41552
INFO 2026-01-26 14:43:18,167 basehttp 18872 1256 "GET /shared/profile/ HTTP/1.1" 200 38290
INFO 2026-01-26 14:44:36,123 basehttp 18872 2400 "POST /shared/api/profile/update/ HTTP/1.1" 200 168
INFO 2026-01-26 14:44:37,701 basehttp 18872 2400 "GET /shared/profile/ HTTP/1.1" 200 38293
INFO 2026-01-26 14:44:44,811 basehttp 18872 2400 "POST /shared/api/profile/photo/ HTTP/1.1" 200 136
INFO 2026-01-26 14:44:46,514 basehttp 18872 2400 "GET /shared/profile/ HTTP/1.1" 200 38262
INFO 2026-01-26 14:44:46,565 basehttp 18872 2400 "GET /media/users/photos/abraham-removebg-preview.png HTTP/1.1" 200 214900
INFO 2026-01-26 14:46:12,417 basehttp 18872 8248 "POST /shared/api/password/change/ HTTP/1.1" 200 74
INFO 2026-01-26 14:46:18,857 basehttp 18872 8248 "GET /shared/notifications/ HTTP/1.1" 200 40
INFO 2026-01-26 14:46:24,452 basehttp 18872 8248 "GET /dashboard/forex/ HTTP/1.1" 200 41534
INFO 2026-01-26 14:46:38,786 basehttp 18872 8248 "GET /auth/logout/ HTTP/1.1" 302 0
INFO 2026-01-26 14:46:38,795 basehttp 18872 8248 "GET /auth/login/ HTTP/1.1" 200 7766
INFO 2026-01-26 14:46:51,139 basehttp 18872 8248 "POST /auth/login/ HTTP/1.1" 200 7517
INFO 2026-01-26 14:47:08,641 basehttp 18872 8248 "POST /auth/login/ HTTP/1.1" 302 0
INFO 2026-01-26 14:47:08,757 basehttp 18872 8248 "GET /dashboard/ HTTP/1.1" 200 52220
INFO 2026-01-26 14:47:08,789 basehttp 18872 8248 "GET /media/users/photos/abraham-removebg-preview.png HTTP/1.1" 304 0
INFO 2026-01-26 14:47:09,037 basehttp 18872 8248 "GET /dashboard/api/stats/?branche_id=all&period=month&devise=USD HTTP/1.1" 200 1033
INFO 2026-01-26 14:55:56,803 autoreload 18872 9932 D:\OWN PROJECTS\PETROX BUKAVU\CODEBASE\Petrox\apps\admin_module\views_templates.py changed, reloading.
INFO 2026-01-26 14:55:58,157 autoreload 17432 6816 Watching for file changes with StatReloader
INFO 2026-01-26 14:56:31,672 autoreload 17432 6816 D:\OWN PROJECTS\PETROX BUKAVU\CODEBASE\Petrox\apps\admin_module\urls.py changed, reloading.
INFO 2026-01-26 14:56:32,438 autoreload 19436 17104 Watching for file changes with StatReloader
INFO 2026-01-26 14:58:21,130 autoreload 19436 17104 D:\OWN PROJECTS\PETROX BUKAVU\CODEBASE\Petrox\apps\admin_module\views.py changed, reloading.
INFO 2026-01-26 14:58:21,938 autoreload 9504 10076 Watching for file changes with StatReloader
INFO 2026-01-26 14:58:39,917 basehttp 9504 2908 "GET /dashboard/ HTTP/1.1" 200 52220
INFO 2026-01-26 14:58:39,976 basehttp 9504 2908 "GET /media/users/photos/abraham-removebg-preview.png HTTP/1.1" 304 0
INFO 2026-01-26 14:58:40,443 basehttp 9504 2908 "GET /dashboard/api/stats/?branche_id=all&period=month&devise=USD HTTP/1.1" 200 1033
INFO 2026-01-26 15:05:46,763 basehttp 9504 13036 "GET /dashboard/ HTTP/1.1" 200 52644
INFO 2026-01-26 15:05:46,814 basehttp 9504 13036 "GET /media/users/photos/abraham-removebg-preview.png HTTP/1.1" 304 0
INFO 2026-01-26 15:05:47,260 basehttp 9504 13036 "GET /dashboard/api/stats/?branche_id=all&period=month&devise=USD HTTP/1.1" 200 1033
INFO 2026-01-26 15:05:53,056 basehttp 9504 13036 "GET /dashboard/parametres/ HTTP/1.1" 200 45794
INFO 2026-01-26 15:06:28,949 basehttp 9504 13036 "GET /dashboard/utilisateurs/ HTTP/1.1" 200 113394
INFO 2026-01-26 15:06:32,459 basehttp 9504 13036 "GET /dashboard/parametres/ HTTP/1.1" 200 45794
INFO 2026-01-26 15:07:10,365 basehttp 9504 13036 "POST /dashboard/api/settings/payment-methods/create/ HTTP/1.1" 200 147
INFO 2026-01-26 15:07:11,985 basehttp 9504 13036 "GET /dashboard/parametres/ HTTP/1.1" 200 46199
INFO 2026-01-26 15:07:59,866 basehttp 9504 13036 "GET /auth/logout/ HTTP/1.1" 302 0
INFO 2026-01-26 15:07:59,875 basehttp 9504 13036 "GET /auth/login/ HTTP/1.1" 200 7765
INFO 2026-01-26 15:08:02,332 basehttp 9504 13036 "GET /auth/login/ HTTP/1.1" 200 7219
INFO 2026-01-26 23:59:41,794 autoreload 13208 4268 Watching for file changes with StatReloader
INFO 2026-01-26 23:59:50,476 basehttp 13208 2444 "POST /auth/login/ HTTP/1.1" 302 0
INFO 2026-01-26 23:59:51,106 basehttp 13208 2444 "GET /dashboard/ HTTP/1.1" 200 52644
INFO 2026-01-26 23:59:51,268 basehttp 13208 2444 "GET /media/users/photos/abraham-removebg-preview.png HTTP/1.1" 304 0
INFO 2026-01-26 23:59:53,248 basehttp 13208 2444 "GET /dashboard/api/stats/?branche_id=all&period=month&devise=USD HTTP/1.1" 200 1033
INFO 2026-01-26 23:59:55,778 basehttp 13208 2444 "GET /shared/profile/ HTTP/1.1" 200 38686
INFO 2026-01-27 00:00:40,704 basehttp 13208 2444 "GET /dashboard/api/stats/?branche_id=all&period=today&devise=USD HTTP/1.1" 200 972
INFO 2026-01-27 00:01:23,369 basehttp 13208 2444 "GET /shared/profile/ HTTP/1.1" 200 38686
INFO 2026-01-27 00:01:38,088 basehttp 13208 2444 "GET /dashboard/ HTTP/1.1" 200 52644
INFO 2026-01-27 00:01:39,175 basehttp 13208 2444 "GET /dashboard/api/stats/?branche_id=all&period=month&devise=USD HTTP/1.1" 200 1033
INFO 2026-01-27 00:01:42,352 basehttp 13208 2444 "GET /dashboard/branches/ HTTP/1.1" 200 60165
INFO 2026-01-27 00:01:43,017 basehttp 13208 2444 "GET /dashboard/api/users/?role=manager&assigned=false HTTP/1.1" 200 42
INFO 2026-01-27 00:01:44,910 basehttp 13208 2444 "GET /dashboard/ventes/ HTTP/1.1" 200 44526
INFO 2026-01-27 00:01:46,538 basehttp 13208 2444 "GET /dashboard/depenses/ HTTP/1.1" 200 63852
INFO 2026-01-27 00:23:34,101 autoreload 13208 4268 D:\OWN PROJECTS\PETROX BUKAVU\CODEBASE\Petrox\apps\admin_module\views.py changed, reloading.
INFO 2026-01-27 00:23:36,420 autoreload 15152 20832 Watching for file changes with StatReloader
INFO 2026-01-27 00:24:50,300 autoreload 15152 20832 D:\OWN PROJECTS\PETROX BUKAVU\CODEBASE\Petrox\apps\admin_module\views.py changed, reloading.
INFO 2026-01-27 00:24:53,623 autoreload 17992 9632 Watching for file changes with StatReloader
INFO 2026-01-27 00:25:46,716 autoreload 17992 9632 D:\OWN PROJECTS\PETROX BUKAVU\CODEBASE\Petrox\apps\admin_module\urls.py changed, reloading.
INFO 2026-01-27 00:25:49,102 autoreload 18316 9900 Watching for file changes with StatReloader
INFO 2026-01-27 00:33:55,694 autoreload 8368 13276 Watching for file changes with StatReloader
INFO 2026-01-27 00:34:11,744 basehttp 8368 15608 "GET /dashboard/depenses/ HTTP/1.1" 200 63852
ERROR 2026-01-27 00:34:16,931 log 8368 15608 Internal Server Error: /dashboard/
Traceback (most recent call last):
  File "D:\OWN PROJECTS\PETROX BUKAVU\CODEBASE\Petrox\venv\Lib\site-packages\django\core\handlers\exception.py", line 55, in inner
    response = get_response(request)
  File "D:\OWN PROJECTS\PETROX BUKAVU\CODEBASE\Petrox\venv\Lib\site-packages\django\core\handlers\base.py", line 220, in _get_response
    response = response.render()
  File "D:\OWN PROJECTS\PETROX BUKAVU\CODEBASE\Petrox\venv\Lib\site-packages\django\template\response.py", line 114, in render
    self.content = self.rendered_content
                   ^^^^^^^^^^^^^^^^^^^^^
  File "D:\OWN PROJECTS\PETROX BUKAVU\CODEBASE\Petrox\venv\Lib\site-packages\django\template\response.py", line 90, in rendered_content
    template = self.resolve_template(self.template_name)
  File "D:\OWN PROJECTS\PETROX BUKAVU\CODEBASE\Petrox\venv\Lib\site-packages\django\template\response.py", line 72, in resolve_template
    return select_template(template, using=self.using)
  File "D:\OWN PROJECTS\PETROX BUKAVU\CODEBASE\Petrox\venv\Lib\site-packages\django\template\loader.py", line 42, in select_template
    return engine.get_template(template_name)
           ~~~~~~~~~~~~~~~~~~~^^^^^^^^^^^^^^^
  File "D:\OWN PROJECTS\PETROX BUKAVU\CODEBASE\Petrox\venv\Lib\site-packages\django\template\backends\django.py", line 33, in get_template
    return Template(self.engine.get_template(template_name), self)
                    ~~~~~~~~~~~~~~~~~~~~~~~~^^^^^^^^^^^^^^^
  File "D:\OWN PROJECTS\PETROX BUKAVU\CODEBASE\Petrox\venv\Lib\site-packages\django\template\engine.py", line 175, in get_template
    template, origin = self.find_template(template_name)
                       ~~~~~~~~~~~~~~~~~~^^^^^^^^^^^^^^^
  File "D:\OWN PROJECTS\PETROX BUKAVU\CODEBASE\Petrox\venv\Lib\site-packages\django\template\engine.py", line 157, in find_template
    template = loader.get_template(name, skip=skip)
  File "D:\OWN PROJECTS\PETROX BUKAVU\CODEBASE\Petrox\venv\Lib\site-packages\django\template\loaders\cached.py", line 57, in get_template
    template = super().get_template(template_name, skip)
  File "D:\OWN PROJECTS\PETROX BUKAVU\CODEBASE\Petrox\venv\Lib\site-packages\django\template\loaders\base.py", line 28, in get_template
    return Template(
        contents,
    ...<2 lines>...
        self.engine,
    )
  File "D:\OWN PROJECTS\PETROX BUKAVU\CODEBASE\Petrox\venv\Lib\site-packages\django\template\base.py", line 154, in __init__
    self.nodelist = self.compile_nodelist()
                    ~~~~~~~~~~~~~~~~~~~~~^^
  File "D:\OWN PROJECTS\PETROX BUKAVU\CODEBASE\Petrox\venv\Lib\site-packages\django\template\base.py", line 200, in compile_nodelist
    return parser.parse()
           ~~~~~~~~~~~~^^
  File "D:\OWN PROJECTS\PETROX BUKAVU\CODEBASE\Petrox\venv\Lib\site-packages\django\template\base.py", line 513, in parse
    raise self.error(token, e)
  File "D:\OWN PROJECTS\PETROX BUKAVU\CODEBASE\Petrox\venv\Lib\site-packages\django\template\base.py", line 511, in parse
    compiled_result = compile_func(self, token)
  File "D:\OWN PROJECTS\PETROX BUKAVU\CODEBASE\Petrox\venv\Lib\site-packages\django\template\loader_tags.py", line 293, in do_extends
    nodelist = parser.parse()
  File "D:\OWN PROJECTS\PETROX BUKAVU\CODEBASE\Petrox\venv\Lib\site-packages\django\template\base.py", line 513, in parse
    raise self.error(token, e)
  File "D:\OWN PROJECTS\PETROX BUKAVU\CODEBASE\Petrox\venv\Lib\site-packages\django\template\base.py", line 511, in parse
    compiled_result = compile_func(self, token)
  File "D:\OWN PROJECTS\PETROX BUKAVU\CODEBASE\Petrox\venv\Lib\site-packages\django\template\loader_tags.py", line 232, in do_block
    nodelist = parser.parse(("endblock",))
  File "D:\OWN PROJECTS\PETROX BUKAVU\CODEBASE\Petrox\venv\Lib\site-packages\django\template\base.py", line 513, in parse
    raise self.error(token, e)
  File "D:\OWN PROJECTS\PETROX BUKAVU\CODEBASE\Petrox\venv\Lib\site-packages\django\template\base.py", line 511, in parse
    compiled_result = compile_func(self, token)
  File "D:\OWN PROJECTS\PETROX BUKAVU\CODEBASE\Petrox\venv\Lib\site-packages\django\template\loader_tags.py", line 226, in do_block
    raise TemplateSyntaxError(
        "'%s' tag with name '%s' appears more than once" % (bits[0], block_name)
    )
django.template.exceptions.TemplateSyntaxError: 'block' tag with name 'extra_js' appears more than once
ERROR 2026-01-27 00:34:16,969 basehttp 8368 15608 "GET /dashboard/ HTTP/1.1" 500 201683
INFO 2026-01-27 00:39:30,940 basehttp 8368 13440 "GET /dashboard/ HTTP/1.1" 200 62076
INFO 2026-01-27 00:39:32,175 basehttp 8368 13440 "GET /dashboard/api/stats/?branche_id=all&period=month&devise=USD HTTP/1.1" 200 1033
ERROR 2026-01-27 00:40:02,806 log 8368 13440 Internal Server Error: /dashboard/api/dashboard/export/pdf/
ERROR 2026-01-27 00:40:02,809 basehttp 8368 13440 "GET /dashboard/api/dashboard/export/pdf/?branche_id=all&period=month&devise=USD HTTP/1.1" 500 463
INFO 2026-01-27 00:41:51,267 basehttp 8368 21296 "GET /dashboard/api/stats/?branche_id=all&period=month&devise=FC HTTP/1.1" 200 838
INFO 2026-01-27 00:41:59,184 basehttp 8368 21296 "GET /dashboard/api/stats/?branche_id=all&period=month&devise=USD HTTP/1.1" 200 1033
INFO 2026-01-27 00:42:01,099 basehttp 8368 21296 "GET /dashboard/api/stats/?branche_id=all&period=day&devise=USD HTTP/1.1" 200 554
INFO 2026-01-27 00:42:12,187 basehttp 8368 21296 "GET /dashboard/api/stats/?branche_id=all&period=week&devise=USD HTTP/1.1" 200 690
INFO 2026-01-27 00:52:39,140 basehttp 8368 6768 "GET /dashboard/ HTTP/1.1" 200 62948
INFO 2026-01-27 00:52:40,658 basehttp 8368 6768 "GET /dashboard/api/stats/?branche_id=all&period=month&devise=USD HTTP/1.1" 200 1033
ERROR 2026-01-27 00:53:10,231 log 8368 804 Internal Server Error: /dashboard/api/dashboard/export/pdf/
ERROR 2026-01-27 00:53:10,233 basehttp 8368 804 "GET /dashboard/api/dashboard/export/pdf/?branche_id=all&period=month&devise=USD HTTP/1.1" 500 463
ERROR 2026-01-27 00:54:19,891 log 8368 5244 Internal Server Error: /dashboard/api/dashboard/export/pdf/
ERROR 2026-01-27 00:54:19,894 basehttp 8368 5244 "GET /dashboard/api/dashboard/export/pdf/?branche_id=all&period=month&devise=USD HTTP/1.1" 500 463
INFO 2026-01-27 00:54:45,740 autoreload 8368 13276 D:\OWN PROJECTS\PETROX BUKAVU\CODEBASE\Petrox\apps\admin_module\views.py changed, reloading.
INFO 2026-01-27 00:54:48,137 autoreload 14464 3928 Watching for file changes with StatReloader
ERROR 2026-01-27 00:54:52,862 log 14464 6872 Internal Server Error: /dashboard/api/dashboard/export/pdf/
ERROR 2026-01-27 00:54:52,863 basehttp 14464 6872 "GET /dashboard/api/dashboard/export/pdf/?branche_id=all&period=month&devise=USD HTTP/1.1" 500 462
INFO 2026-01-27 00:55:53,557 autoreload 14464 3928 D:\OWN PROJECTS\PETROX BUKAVU\CODEBASE\Petrox\apps\admin_module\views.py changed, reloading.
INFO 2026-01-27 00:55:55,762 autoreload 16964 11212 Watching for file changes with StatReloader
INFO 2026-01-27 00:56:01,684 basehttp 16964 7952 "GET /dashboard/api/dashboard/export/pdf/?branche_id=all&period=month&devise=USD HTTP/1.1" 200 2297
INFO 2026-01-27 01:00:38,645 basehttp 16964 736 "GET /dashboard/branches/ HTTP/1.1" 200 60165
INFO 2026-01-27 01:00:38,806 basehttp 16964 736 "GET /media/users/photos/abraham-removebg-preview.png HTTP/1.1" 304 0
INFO 2026-01-27 01:00:39,448 basehttp 16964 736 "GET /dashboard/api/users/?role=manager&assigned=false HTTP/1.1" 200 42
INFO 2026-01-27 01:01:44,479 basehttp 16964 14064 "POST /dashboard/api/branches/create/ HTTP/1.1" 200 127
INFO 2026-01-27 01:01:45,797 basehttp 16964 14064 "GET /dashboard/branches/ HTTP/1.1" 200 66186
INFO 2026-01-27 01:01:46,532 basehttp 16964 14064 "GET /dashboard/api/users/?role=manager&assigned=false HTTP/1.1" 200 42
INFO 2026-01-27 01:01:50,984 basehttp 16964 14064 "GET /dashboard/ HTTP/1.1" 200 63180
INFO 2026-01-27 01:01:52,382 basehttp 16964 14064 "GET /dashboard/api/stats/?branche_id=all&period=month&devise=USD HTTP/1.1" 200 1248
INFO 2026-01-27 01:01:58,540 basehttp 16964 14064 "GET /dashboard/api/stats/?branche_id=all&period=month&devise=USD HTTP/1.1" 200 1248
INFO 2026-01-27 01:02:13,614 basehttp 16964 14064 "GET /dashboard/ventes/ HTTP/1.1" 200 44751
INFO 2026-01-27 01:05:28,177 basehttp 16964 7348 "GET /dashboard/branches/ HTTP/1.1" 200 66186
INFO 2026-01-27 01:05:29,055 basehttp 16964 7348 "GET /dashboard/api/users/?role=manager&assigned=false HTTP/1.1" 200 42
INFO 2026-01-27 01:05:48,309 basehttp 16964 6520 "GET /dashboard/branches/ HTTP/1.1" 200 82103
INFO 2026-01-27 01:05:48,879 basehttp 16964 6520 "GET /dashboard/api/users/?role=manager HTTP/1.1" 200 205
INFO 2026-01-27 01:05:58,957 basehttp 16964 19656 "GET /dashboard/branches/ HTTP/1.1" 200 66186
INFO 2026-01-27 01:05:59,753 basehttp 16964 19656 "GET /dashboard/api/users/?role=manager&assigned=false HTTP/1.1" 200 42
INFO 2026-01-27 01:06:08,411 basehttp 16964 14544 "GET /dashboard/branches/ HTTP/1.1" 200 82103
INFO 2026-01-27 01:06:09,059 basehttp 16964 14544 "GET /dashboard/api/users/?role=manager HTTP/1.1" 200 205
WARNING 2026-01-27 01:06:13,608 log 16964 19980 Not Found: /dashboard/api/branches/2/history/
WARNING 2026-01-27 01:06:13,609 basehttp 16964 19980 "GET /dashboard/api/branches/2/history/ HTTP/1.1" 404 28457
INFO 2026-01-27 01:06:19,426 basehttp 16964 19980 "GET /dashboard/api/branches/2/ HTTP/1.1" 200 318
WARNING 2026-01-27 01:06:27,559 log 16964 8828 Not Found: /dashboard/api/branches/comparison/
WARNING 2026-01-27 01:06:27,561 basehttp 16964 8828 "GET /dashboard/api/branches/comparison/ HTTP/1.1" 404 28460
INFO 2026-01-27 01:08:20,250 basehttp 16964 13284 "DELETE /dashboard/api/branches/2/delete/ HTTP/1.1" 200 74
INFO 2026-01-27 01:08:21,461 basehttp 16964 13284 "GET /dashboard/branches/ HTTP/1.1" 200 76434
INFO 2026-01-27 01:08:21,896 basehttp 16964 13284 "GET /dashboard/api/users/?role=manager HTTP/1.1" 200 205
INFO 2026-01-27 01:09:12,900 basehttp 16964 15400 "POST /dashboard/api/branches/create/ HTTP/1.1" 200 127
INFO 2026-01-27 01:09:14,285 basehttp 16964 15400 "GET /dashboard/branches/ HTTP/1.1" 200 82066
INFO 2026-01-27 01:09:14,999 basehttp 16964 15400 "GET /dashboard/api/users/?role=manager HTTP/1.1" 200 203
INFO 2026-01-27 01:09:20,856 basehttp 16964 15400 "GET /dashboard/api/branches/3/ HTTP/1.1" 200 323
INFO 2026-01-27 01:09:26,447 basehttp 16964 16724 "PUT /dashboard/api/branches/3/update/ HTTP/1.1" 200 70
INFO 2026-01-27 01:09:27,880 basehttp 16964 16724 "GET /dashboard/branches/ HTTP/1.1" 200 82066
INFO 2026-01-27 01:09:28,833 basehttp 16964 16724 "GET /dashboard/api/users/?role=manager HTTP/1.1" 200 203
INFO 2026-01-27 01:09:36,110 basehttp 16964 15112 "GET /dashboard/api/branches/3/ HTTP/1.1" 200 323
INFO 2026-01-27 01:10:36,052 autoreload 16964 11212 D:\OWN PROJECTS\PETROX BUKAVU\CODEBASE\Petrox\apps\admin_module\views.py changed, reloading.
INFO 2026-01-27 01:10:38,543 autoreload 18732 14376 Watching for file changes with StatReloader
INFO 2026-01-27 01:11:19,323 autoreload 18732 14376 D:\OWN PROJECTS\PETROX BUKAVU\CODEBASE\Petrox\apps\admin_module\urls.py changed, reloading.
INFO 2026-01-27 01:11:21,756 autoreload 19620 17188 Watching for file changes with StatReloader
INFO 2026-01-27 01:11:24,742 basehttp 19620 13132 "GET /dashboard/branches/ HTTP/1.1" 200 82066
INFO 2026-01-27 01:11:25,451 basehttp 19620 13132 "GET /dashboard/api/users/?role=manager HTTP/1.1" 200 203
INFO 2026-01-27 01:11:27,616 basehttp 19620 13132 "GET /dashboard/api/branches/comparison/ HTTP/1.1" 200 272
INFO 2026-01-27 01:12:34,643 basehttp 19620 20172 "POST /dashboard/api/branches/create/ HTTP/1.1" 200 128
INFO 2026-01-27 01:12:36,041 basehttp 19620 20172 "GET /dashboard/branches/ HTTP/1.1" 200 87741
INFO 2026-01-27 01:12:36,792 basehttp 19620 20172 "GET /dashboard/api/users/?role=manager HTTP/1.1" 200 203
INFO 2026-01-27 01:12:40,859 basehttp 19620 20172 "GET /dashboard/api/branches/comparison/ HTTP/1.1" 200 363
WARNING 2026-01-27 01:13:25,158 log 19620 18372 Not Found: /.well-known/appspecific/com.chrome.devtools.json
WARNING 2026-01-27 01:13:25,160 basehttp 19620 18372 "GET /.well-known/appspecific/com.chrome.devtools.json HTTP/1.1" 404 3245
INFO 2026-01-27 01:13:42,523 basehttp 19620 8572 "GET /dashboard/ HTTP/1.1" 200 63415
INFO 2026-01-27 01:13:44,177 basehttp 19620 8572 "GET /dashboard/api/stats/?branche_id=all&period=month&devise=USD HTTP/1.1" 200 1467
INFO 2026-01-27 01:13:51,738 basehttp 19620 8572 "GET /dashboard/branches/ HTTP/1.1" 200 87741
INFO 2026-01-27 01:13:52,186 basehttp 19620 8572 "GET /dashboard/api/users/?role=manager HTTP/1.1" 200 203
INFO 2026-01-27 01:14:18,190 basehttp 19620 16136 "GET /dashboard/utilisateurs/ HTTP/1.1" 200 114631
INFO 2026-01-27 01:14:24,907 basehttp 19620 16136 "GET /dashboard/api/pompistes/1/ HTTP/1.1" 200 528
INFO 2026-01-27 01:14:37,624 basehttp 19620 16136 "PUT /dashboard/api/pompistes/1/update/ HTTP/1.1" 200 123
INFO 2026-01-27 01:14:39,031 basehttp 19620 16136 "GET /dashboard/utilisateurs/ HTTP/1.1" 200 114629
INFO 2026-01-27 01:14:40,858 basehttp 19620 16136 "GET /dashboard/branches/ HTTP/1.1" 200 87741
INFO 2026-01-27 01:14:41,587 basehttp 19620 16136 "GET /dashboard/api/users/?role=manager HTTP/1.1" 200 203
INFO 2026-01-27 01:14:46,566 basehttp 19620 16136 "GET /dashboard/api/branches/comparison/ HTTP/1.1" 200 363
INFO 2026-01-27 01:15:09,771 basehttp 19620 16136 "GET /dashboard/api/branches/3/history/ HTTP/1.1" 200 150
INFO 2026-01-27 01:15:22,664 basehttp 19620 16136 "GET /dashboard/api/branches/4/history/ HTTP/1.1" 200 151
INFO 2026-01-27 01:15:35,937 basehttp 19620 16136 "GET /dashboard/ventes/ HTTP/1.1" 200 44979
INFO 2026-01-27 01:15:38,758 basehttp 19620 16136 "GET /dashboard/branches/ HTTP/1.1" 200 87741
INFO 2026-01-27 01:15:39,706 basehttp 19620 16136 "GET /dashboard/api/users/?role=manager HTTP/1.1" 200 203
INFO 2026-01-27 01:15:40,803 basehttp 19620 16136 "GET /dashboard/ HTTP/1.1" 200 63415
INFO 2026-01-27 01:15:42,150 basehttp 19620 16136 "GET /dashboard/api/stats/?branche_id=all&period=month&devise=USD HTTP/1.1" 200 1467
INFO 2026-01-27 01:16:13,220 basehttp 19620 16136 "GET /dashboard/carburants/ HTTP/1.1" 200 97865
INFO 2026-01-27 01:16:42,927 basehttp 19620 16136 "GET /dashboard/api/stock/6/history/ HTTP/1.1" 200 138
INFO 2026-01-27 01:17:21,140 basehttp 19620 16136 "GET /dashboard/api/stock/7/ HTTP/1.1" 200 447
INFO 2026-01-27 01:17:40,128 basehttp 19620 16136 "GET /shared/notifications/ HTTP/1.1" 200 40
INFO 2026-01-27 01:17:52,777 basehttp 19620 16136 "GET /shared/notifications/ HTTP/1.1" 200 40
INFO 2026-01-27 01:18:00,473 basehttp 19620 16136 "GET /dashboard/notifications/ HTTP/1.1" 200 34551
INFO 2026-01-27 01:18:09,560 basehttp 19620 16136 "GET /dashboard/ HTTP/1.1" 200 63415
INFO 2026-01-27 01:18:10,758 basehttp 19620 16136 "GET /dashboard/api/stats/?branche_id=all&period=month&devise=USD HTTP/1.1" 200 1467
INFO 2026-01-27 01:18:21,451 basehttp 19620 16136 "GET /dashboard/branches/ HTTP/1.1" 200 87741
INFO 2026-01-27 01:18:22,029 basehttp 19620 16136 "GET /dashboard/api/users/?role=manager HTTP/1.1" 200 203
INFO 2026-01-27 01:18:26,110 basehttp 19620 16136 "GET /dashboard/branches/1/ HTTP/1.1" 200 36800
INFO 2026-01-27 01:18:33,935 basehttp 19620 16136 "GET /dashboard/branches/ HTTP/1.1" 200 87741
INFO 2026-01-27 01:18:34,449 basehttp 19620 16136 "GET /dashboard/api/users/?role=manager HTTP/1.1" 200 203
INFO 2026-01-27 01:18:37,822 basehttp 19620 16136 "GET /dashboard/branches/4/ HTTP/1.1" 200 36765
INFO 2026-01-27 01:18:49,585 basehttp 19620 16136 "GET /dashboard/carburants/?branche_id=4 HTTP/1.1" 200 97863
INFO 2026-01-27 01:19:11,283 basehttp 19620 16136 "GET /dashboard/ HTTP/1.1" 200 63415
INFO 2026-01-27 01:19:12,733 basehttp 19620 16136 "GET /dashboard/api/stats/?branche_id=all&period=month&devise=USD HTTP/1.1" 200 1467
INFO 2026-01-27 01:19:19,000 basehttp 19620 16136 "GET /dashboard/api/stats/?branche_id=4&period=month&devise=USD HTTP/1.1" 200 1054
INFO 2026-01-27 01:19:27,444 basehttp 19620 16136 "GET /dashboard/api/stats/?branche_id=3&period=month&devise=USD HTTP/1.1" 200 1052
INFO 2026-01-27 01:19:31,502 basehttp 19620 16136 "GET /dashboard/api/stats/?branche_id=1&period=month&devise=USD HTTP/1.1" 200 1031
INFO 2026-01-27 01:20:13,526 basehttp 19620 14892 "GET /dashboard/ HTTP/1.1" 200 63424
INFO 2026-01-27 01:20:14,705 basehttp 19620 14892 "GET /dashboard/api/stats/?branche_id=all&period=month&devise=USD HTTP/1.1" 200 1467
INFO 2026-01-27 01:20:30,283 basehttp 19620 9632 "GET /dashboard/salaires/ HTTP/1.1" 200 39870
INFO 2026-01-27 01:20:33,066 basehttp 19620 9632 "GET /dashboard/ HTTP/1.1" 200 63424
INFO 2026-01-27 01:20:34,493 basehttp 19620 9632 "GET /dashboard/api/stats/?branche_id=all&period=month&devise=USD HTTP/1.1" 200 1467
INFO 2026-01-27 01:20:35,767 basehttp 19620 9632 "GET /dashboard/branches/ HTTP/1.1" 200 87750
INFO 2026-01-27 01:20:36,545 basehttp 19620 9632 "GET /dashboard/api/users/?role=manager HTTP/1.1" 200 203
INFO 2026-01-27 01:20:41,975 basehttp 19620 9632 "GET /dashboard/api/branches/comparison/ HTTP/1.1" 200 363
INFO 2026-01-27 01:21:00,237 basehttp 19620 7908 "DELETE /dashboard/api/branches/3/delete/ HTTP/1.1" 200 74
INFO 2026-01-27 01:21:01,609 basehttp 19620 7908 "GET /dashboard/branches/ HTTP/1.1" 200 82118
INFO 2026-01-27 01:21:02,521 basehttp 19620 7908 "GET /dashboard/api/users/?role=manager HTTP/1.1" 200 203
INFO 2026-01-27 01:21:10,854 basehttp 19620 18920 "DELETE /dashboard/api/branches/4/delete/ HTTP/1.1" 200 74
INFO 2026-01-27 01:21:12,253 basehttp 19620 18920 "GET /dashboard/branches/ HTTP/1.1" 200 76443
INFO 2026-01-27 01:21:12,909 basehttp 19620 18920 "GET /dashboard/api/users/?role=manager HTTP/1.1" 200 203
INFO 2026-01-27 01:21:14,997 basehttp 19620 17668 "GET /dashboard/utilisateurs/ HTTP/1.1" 200 109349
INFO 2026-01-27 01:21:36,228 basehttp 19620 13864 "GET /dashboard/api/users/3/ HTTP/1.1" 200 511
INFO 2026-01-27 01:21:45,726 basehttp 19620 13864 "GET /dashboard/api/users/3/ HTTP/1.1" 200 511
INFO 2026-01-27 01:21:50,545 basehttp 19620 13864 "GET /dashboard/branches/ HTTP/1.1" 200 76443
INFO 2026-01-27 01:21:51,614 basehttp 19620 13864 "GET /dashboard/api/users/?role=manager HTTP/1.1" 200 203
INFO 2026-01-27 01:21:54,145 basehttp 19620 13864 "GET /dashboard/api/branches/1/ HTTP/1.1" 200 332
INFO 2026-01-27 01:22:00,913 basehttp 19620 13864 "PUT /dashboard/api/branches/1/update/ HTTP/1.1" 200 70
INFO 2026-01-27 01:22:02,394 basehttp 19620 13864 "GET /dashboard/branches/ HTTP/1.1" 200 76406
INFO 2026-01-27 01:22:03,276 basehttp 19620 13864 "GET /dashboard/api/users/?role=manager HTTP/1.1" 200 205
INFO 2026-01-27 01:22:06,380 basehttp 19620 13864 "GET /dashboard/utilisateurs/ HTTP/1.1" 200 109305
INFO 2026-01-27 01:22:20,290 basehttp 19620 11164 "GET /dashboard/branches/ HTTP/1.1" 200 76406
INFO 2026-01-27 01:22:21,094 basehttp 19620 11164 "GET /dashboard/api/users/?role=manager HTTP/1.1" 200 205
INFO 2026-01-27 01:22:24,139 basehttp 19620 11708 "GET /dashboard/api/branches/comparison/ HTTP/1.1" 200 182
INFO 2026-01-27 12:53:12,021 basehttp 19620 10720 "GET /dashboard/branches/ HTTP/1.1" 200 76406
INFO 2026-01-27 12:53:12,171 basehttp 19620 10720 "GET /media/users/photos/abraham-removebg-preview.png HTTP/1.1" 304 0
INFO 2026-01-27 12:53:13,672 basehttp 19620 10720 "GET /dashboard/api/users/?role=manager HTTP/1.1" 200 205
INFO 2026-01-27 12:53:17,144 basehttp 19620 10720 "GET /dashboard/api/branches/comparison/ HTTP/1.1" 200 182
INFO 2026-01-27 12:53:27,830 basehttp 19620 8448 "GET /dashboard/utilisateurs/ HTTP/1.1" 200 109305
INFO 2026-01-27 12:53:31,534 basehttp 19620 8448 "GET /dashboard/api/users/3/ HTTP/1.1" 200 513
INFO 2026-01-27 12:53:49,828 basehttp 19620 15868 "GET /dashboard/branches/ HTTP/1.1" 200 76406
INFO 2026-01-27 12:53:50,394 basehttp 19620 15868 "GET /dashboard/api/users/?role=manager HTTP/1.1" 200 205
INFO 2026-01-27 13:07:04,573 autoreload 19620 17188 D:\OWN PROJECTS\PETROX BUKAVU\CODEBASE\Petrox\apps\admin_module\views.py changed, reloading.
INFO 2026-01-27 13:07:09,012 autoreload 2504 7612 Watching for file changes with StatReloader
INFO 2026-01-27 13:08:21,842 autoreload 2504 7612 D:\OWN PROJECTS\PETROX BUKAVU\CODEBASE\Petrox\apps\admin_module\urls.py changed, reloading.
INFO 2026-01-27 13:08:23,654 autoreload 14092 5384 Watching for file changes with StatReloader
INFO 2026-01-27 13:08:27,872 basehttp 14092 9956 "GET /dashboard/ventes/ HTTP/1.1" 200 54507
WARNING 2026-01-27 13:08:53,585 log 14092 9956 Bad Request: /dashboard/api/ventes/export/pdf/
WARNING 2026-01-27 13:08:53,587 basehttp 14092 9956 "GET /dashboard/api/ventes/export/pdf/? HTTP/1.1" 400 68
WARNING 2026-01-27 13:09:03,110 log 14092 9956 Bad Request: /dashboard/api/ventes/export/pdf/
WARNING 2026-01-27 13:09:03,112 basehttp 14092 9956 "GET /dashboard/api/ventes/export/pdf/? HTTP/1.1" 400 68
WARNING 2026-01-27 13:09:15,773 log 14092 9956 Bad Request: /dashboard/api/ventes/export/pdf/
WARNING 2026-01-27 13:09:15,776 basehttp 14092 9956 "GET /dashboard/api/ventes/export/pdf/? HTTP/1.1" 400 68
INFO 2026-01-27 13:22:07,888 autoreload 14092 5384 D:\OWN PROJECTS\PETROX BUKAVU\CODEBASE\Petrox\apps\admin_module\views.py changed, reloading.
INFO 2026-01-27 13:22:10,226 autoreload 9280 5268 Watching for file changes with StatReloader
INFO 2026-01-27 13:22:54,488 autoreload 9280 5268 D:\OWN PROJECTS\PETROX BUKAVU\CODEBASE\Petrox\apps\admin_module\views.py changed, reloading.
INFO 2026-01-27 13:22:57,060 autoreload 9644 8364 Watching for file changes with StatReloader
INFO 2026-01-27 13:23:27,417 autoreload 9644 8364 D:\OWN PROJECTS\PETROX BUKAVU\CODEBASE\Petrox\apps\admin_module\views_templates.py changed, reloading.
INFO 2026-01-27 13:23:30,364 autoreload 21632 2528 Watching for file changes with StatReloader
INFO 2026-01-27 13:24:35,432 autoreload 21632 2528 D:\OWN PROJECTS\PETROX BUKAVU\CODEBASE\Petrox\apps\admin_module\urls.py changed, reloading.
INFO 2026-01-27 13:24:38,183 autoreload 12252 13520 Watching for file changes with StatReloader
INFO 2026-01-27 13:25:22,722 basehttp 12252 14260 "GET /dashboard/validation-manquants/ HTTP/1.1" 200 51382
INFO 2026-01-27 13:25:23,562 basehttp 12252 14260 "GET /dashboard/api/manquants/report/?period=month HTTP/1.1" 200 1650
INFO 2026-01-27 13:25:43,827 basehttp 12252 14260 "GET /dashboard/api/manquants/report/?period=month HTTP/1.1" 200 1650
INFO 2026-01-27 13:26:24,012 basehttp 12252 14260 "GET /dashboard/depenses/ HTTP/1.1" 200 63861
INFO 2026-01-27 13:28:59,812 basehttp 12252 14260 "GET /dashboard/validation-manquants/ HTTP/1.1" 200 51816
INFO 2026-01-27 13:29:00,376 basehttp 12252 14260 "GET /dashboard/api/manquants/report/?period=month HTTP/1.1" 200 1650
INFO 2026-01-27 13:33:33,498 basehttp 12252 956 "GET /dashboard/validation-manquants/ HTTP/1.1" 200 51816
INFO 2026-01-27 13:33:34,649 basehttp 12252 956 "GET /dashboard/api/manquants/report/?period=month HTTP/1.1" 200 1650
INFO 2026-01-27 13:33:35,424 basehttp 12252 956 "GET /dashboard/depenses/ HTTP/1.1" 200 64020
INFO 2026-01-27 13:33:37,362 basehttp 12252 956 "GET /dashboard/ventes/ HTTP/1.1" 200 54666
INFO 2026-01-27 13:33:39,471 basehttp 12252 956 "GET /dashboard/branches/ HTTP/1.1" 200 76565
INFO 2026-01-27 13:33:39,984 basehttp 12252 956 "GET /dashboard/api/users/?role=manager HTTP/1.1" 200 205
INFO 2026-01-27 13:33:42,450 basehttp 12252 956 "GET /dashboard/validation-manquants/ HTTP/1.1" 200 51816
INFO 2026-01-27 13:33:43,203 basehttp 12252 956 "GET /dashboard/api/manquants/report/?period=month HTTP/1.1" 200 1650
INFO 2026-01-27 13:33:44,274 basehttp 12252 956 "GET /dashboard/carburants/ HTTP/1.1" 200 81240
INFO 2026-01-27 13:33:45,900 basehttp 12252 956 "GET /dashboard/abonnes/ HTTP/1.1" 200 74457
INFO 2026-01-27 13:33:47,573 basehttp 12252 956 "GET /dashboard/utilisateurs/ HTTP/1.1" 200 109464
INFO 2026-01-27 13:33:49,495 basehttp 12252 956 "GET /dashboard/salaires/ HTTP/1.1" 200 39695
INFO 2026-01-27 13:33:51,423 basehttp 12252 956 "GET /dashboard/documents/ HTTP/1.1" 200 68372
INFO 2026-01-27 13:33:54,430 basehttp 12252 956 "GET /dashboard/forex/ HTTP/1.1" 200 42126
INFO 2026-01-27 13:33:58,924 basehttp 12252 956 "GET /dashboard/rapports/ HTTP/1.1" 200 42373
INFO 2026-01-27 13:34:48,522 basehttp 12252 956 "GET /dashboard/depenses/ HTTP/1.1" 200 64020
INFO 2026-01-27 13:44:01,753 autoreload 12252 13520 D:\OWN PROJECTS\PETROX BUKAVU\CODEBASE\Petrox\apps\admin_module\views.py changed, reloading.
INFO 2026-01-27 13:44:03,056 autoreload 18228 17360 Watching for file changes with StatReloader
INFO 2026-01-27 13:44:44,911 autoreload 18228 17360 D:\OWN PROJECTS\PETROX BUKAVU\CODEBASE\Petrox\apps\admin_module\urls.py changed, reloading.
INFO 2026-01-27 13:44:46,056 autoreload 14688 22276 Watching for file changes with StatReloader
INFO 2026-01-27 13:53:41,586 basehttp 14688 19652 "GET /dashboard/depenses/ HTTP/1.1" 200 72547
INFO 2026-01-27 13:53:42,138 basehttp 14688 13224 "GET /dashboard/api/depenses/analytics/?period=month HTTP/1.1" 200 271
INFO 2026-01-27 13:53:42,243 basehttp 14688 19652 "GET /dashboard/api/depenses/?period=month HTTP/1.1" 200 364
INFO 2026-01-27 13:53:56,908 basehttp 14688 14448 "GET /dashboard/api/depenses/1/ HTTP/1.1" 200 332
ERROR 2026-01-27 13:54:26,505 log 14688 3224 Internal Server Error: /dashboard/api/depenses/export/pdf/
Traceback (most recent call last):
  File "D:\OWN PROJECTS\PETROX BUKAVU\CODEBASE\Petrox\venv\Lib\site-packages\django\core\handlers\exception.py", line 55, in inner
    response = get_response(request)
  File "D:\OWN PROJECTS\PETROX BUKAVU\CODEBASE\Petrox\venv\Lib\site-packages\django\core\handlers\base.py", line 204, in _get_response
    self.check_response(response, callback)
    ~~~~~~~~~~~~~~~~~~~^^^^^^^^^^^^^^^^^^^^
  File "D:\OWN PROJECTS\PETROX BUKAVU\CODEBASE\Petrox\venv\Lib\site-packages\django\core\handlers\base.py", line 332, in check_response
    raise ValueError(
    ...<2 lines>...
    )
ValueError: The view apps.admin_module.views.view didn't return an HttpResponse object. It returned None instead.
ERROR 2026-01-27 13:54:26,509 basehttp 14688 3224 "GET /dashboard/api/depenses/export/pdf/?period=month HTTP/1.1" 500 77535
INFO 2026-01-27 13:54:44,085 basehttp 14688 3224 "GET /dashboard/ventes/ HTTP/1.1" 200 54666
INFO 2026-01-27 13:54:51,371 basehttp 14688 3224 "GET /dashboard/depenses/ HTTP/1.1" 200 72547
INFO 2026-01-27 13:54:51,595 basehttp 14688 13636 "GET /dashboard/api/depenses/analytics/?period=month HTTP/1.1" 200 271
INFO 2026-01-27 13:54:51,687 basehttp 14688 3224 "GET /dashboard/api/depenses/?period=month HTTP/1.1" 200 364
INFO 2026-01-27 13:54:54,826 basehttp 14688 13636 "GET /dashboard/api/depenses/analytics/?period=month&branche_id=1 HTTP/1.1" 200 271
INFO 2026-01-27 13:54:54,937 basehttp 14688 3224 "GET /dashboard/api/depenses/?branche_id=1&period=month HTTP/1.1" 200 364
INFO 2026-01-27 13:58:27,330 autoreload 14688 22276 D:\OWN PROJECTS\PETROX BUKAVU\CODEBASE\Petrox\apps\admin_module\views.py changed, reloading.
INFO 2026-01-27 13:58:28,344 autoreload 17164 17480 Watching for file changes with StatReloader
INFO 2026-01-27 14:00:10,677 autoreload 17164 17480 D:\OWN PROJECTS\PETROX BUKAVU\CODEBASE\Petrox\apps\admin_module\views.py changed, reloading.
INFO 2026-01-27 14:00:11,487 autoreload 15144 19624 Watching for file changes with StatReloader
INFO 2026-01-27 14:02:06,365 autoreload 15144 19624 D:\OWN PROJECTS\PETROX BUKAVU\CODEBASE\Petrox\apps\admin_module\urls.py changed, reloading.
INFO 2026-01-27 14:02:07,132 autoreload 19616 8812 Watching for file changes with StatReloader
INFO 2026-01-27 14:02:21,553 autoreload 19616 8812 D:\OWN PROJECTS\PETROX BUKAVU\CODEBASE\Petrox\apps\admin_module\urls.py changed, reloading.
INFO 2026-01-27 14:02:22,336 autoreload 20800 13036 Watching for file changes with StatReloader
INFO 2026-01-27 14:02:48,499 autoreload 20800 13036 D:\OWN PROJECTS\PETROX BUKAVU\CODEBASE\Petrox\apps\admin_module\urls.py changed, reloading.
INFO 2026-01-27 14:02:49,309 autoreload 2168 10192 Watching for file changes with StatReloader
INFO 2026-01-27 14:02:51,924 basehttp 2168 2768 "GET /dashboard/depenses/ HTTP/1.1" 200 72547
INFO 2026-01-27 14:02:52,128 basehttp 2168 12520 "GET /dashboard/api/depenses/analytics/?period=month HTTP/1.1" 200 2221
INFO 2026-01-27 14:02:52,254 basehttp 2168 2768 "GET /dashboard/api/depenses/?period=month HTTP/1.1" 200 437
INFO 2026-01-27 14:03:02,345 basehttp 2168 2768 "GET /dashboard/api/depenses/1/print/ HTTP/1.1" 200 4986
INFO 2026-01-27 14:03:47,587 basehttp 2168 14652 "GET /dashboard/api/depenses/1/ HTTP/1.1" 200 332
INFO 2026-01-27 14:03:52,167 basehttp 2168 14652 "GET /dashboard/api/depenses/1/print/ HTTP/1.1" 200 4986
INFO 2026-01-27 14:14:06,239 autoreload 2168 10192 D:\OWN PROJECTS\PETROX BUKAVU\CODEBASE\Petrox\apps\admin_module\views.py changed, reloading.
INFO 2026-01-27 14:14:07,377 autoreload 19656 8224 Watching for file changes with StatReloader
INFO 2026-01-27 14:16:17,662 autoreload 19656 8224 D:\OWN PROJECTS\PETROX BUKAVU\CODEBASE\Petrox\apps\admin_module\urls.py changed, reloading.
INFO 2026-01-27 14:16:18,498 autoreload 10000 21788 Watching for file changes with StatReloader
INFO 2026-01-27 14:17:53,912 basehttp 10000 20740 "GET /dashboard/abonnes/ HTTP/1.1" 200 74457
INFO 2026-01-27 14:20:36,847 basehttp 10000 20740 "GET /dashboard/abonnes/ HTTP/1.1" 200 82647
INFO 2026-01-27 14:22:09,854 basehttp 10000 19200 "GET /dashboard/abonnes/ HTTP/1.1" 200 82648
INFO 2026-01-27 14:22:12,636 basehttp 10000 19200 "GET /dashboard/api/abonnes/1/ HTTP/1.1" 200 534
INFO 2026-01-27 14:22:16,069 basehttp 10000 19200 "GET /dashboard/api/abonnes/1/history/ HTTP/1.1" 200 247
INFO 2026-01-27 14:22:22,256 basehttp 10000 19200 "GET /dashboard/api/abonnes/1/history/ HTTP/1.1" 200 247
INFO 2026-01-27 14:22:34,217 basehttp 10000 19200 "GET /dashboard/api/abonnes/export/pdf/? HTTP/1.1" 200 2457
INFO 2026-01-27 14:24:17,964 basehttp 10000 864 "GET /dashboard/abonnes/ HTTP/1.1" 200 82657
INFO 2026-01-27 14:24:22,751 basehttp 10000 864 "GET /dashboard/api/abonnes/export/excel/? HTTP/1.1" 200 5556
ERROR 2026-01-27 20:52:40,432 log 10000 7324 Internal Server Error: /dashboard/abonnes/1/
Traceback (most recent call last):
  File "D:\OWN PROJECTS\PETROX BUKAVU\CODEBASE\Petrox\venv\Lib\site-packages\django\core\handlers\exception.py", line 55, in inner
    response = get_response(request)
  File "D:\OWN PROJECTS\PETROX BUKAVU\CODEBASE\Petrox\venv\Lib\site-packages\django\core\handlers\base.py", line 220, in _get_response
    response = response.render()
  File "D:\OWN PROJECTS\PETROX BUKAVU\CODEBASE\Petrox\venv\Lib\site-packages\django\template\response.py", line 114, in render
    self.content = self.rendered_content
                   ^^^^^^^^^^^^^^^^^^^^^
  File "D:\OWN PROJECTS\PETROX BUKAVU\CODEBASE\Petrox\venv\Lib\site-packages\django\template\response.py", line 90, in rendered_content
    template = self.resolve_template(self.template_name)
  File "D:\OWN PROJECTS\PETROX BUKAVU\CODEBASE\Petrox\venv\Lib\site-packages\django\template\response.py", line 72, in resolve_template
    return select_template(template, using=self.using)
  File "D:\OWN PROJECTS\PETROX BUKAVU\CODEBASE\Petrox\venv\Lib\site-packages\django\template\loader.py", line 47, in select_template
    raise TemplateDoesNotExist(", ".join(template_name_list), chain=chain)
django.template.exceptions.TemplateDoesNotExist: admin/abonne_detail.html
ERROR 2026-01-27 20:52:40,444 basehttp 10000 7324 "GET /dashboard/abonnes/1/ HTTP/1.1" 500 90503
INFO 2026-01-27 20:54:26,997 autoreload 10000 21788 D:\OWN PROJECTS\PETROX BUKAVU\CODEBASE\Petrox\apps\admin_module\urls.py changed, reloading.
INFO 2026-01-27 20:54:28,834 autoreload 6300 3588 Watching for file changes with StatReloader
WARNING 2026-01-27 20:55:52,210 log 6300 8904 Not Found: /dashboard/abonnes/1/
WARNING 2026-01-27 20:55:52,211 basehttp 6300 8904 "GET /dashboard/abonnes/1/ HTTP/1.1" 404 32057
INFO 2026-01-27 20:56:20,582 autoreload 6300 3588 D:\OWN PROJECTS\PETROX BUKAVU\CODEBASE\Petrox\apps\admin_module\urls.py changed, reloading.
INFO 2026-01-27 20:56:21,838 autoreload 11656 8880 Watching for file changes with StatReloader
ERROR 2026-01-27 20:56:24,916 log 11656 13164 Internal Server Error: /dashboard/abonnes/1/
Traceback (most recent call last):
  File "D:\OWN PROJECTS\PETROX BUKAVU\CODEBASE\Petrox\venv\Lib\site-packages\django\core\handlers\exception.py", line 55, in inner
    response = get_response(request)
  File "D:\OWN PROJECTS\PETROX BUKAVU\CODEBASE\Petrox\venv\Lib\site-packages\django\core\handlers\base.py", line 220, in _get_response
    response = response.render()
  File "D:\OWN PROJECTS\PETROX BUKAVU\CODEBASE\Petrox\venv\Lib\site-packages\django\template\response.py", line 114, in render
    self.content = self.rendered_content
                   ^^^^^^^^^^^^^^^^^^^^^
  File "D:\OWN PROJECTS\PETROX BUKAVU\CODEBASE\Petrox\venv\Lib\site-packages\django\template\response.py", line 90, in rendered_content
    template = self.resolve_template(self.template_name)
  File "D:\OWN PROJECTS\PETROX BUKAVU\CODEBASE\Petrox\venv\Lib\site-packages\django\template\response.py", line 72, in resolve_template
    return select_template(template, using=self.using)
  File "D:\OWN PROJECTS\PETROX BUKAVU\CODEBASE\Petrox\venv\Lib\site-packages\django\template\loader.py", line 47, in select_template
    raise TemplateDoesNotExist(", ".join(template_name_list), chain=chain)
django.template.exceptions.TemplateDoesNotExist: admin/abonne_detail.html
ERROR 2026-01-27 20:56:24,920 basehttp 11656 13164 "GET /dashboard/abonnes/1/ HTTP/1.1" 500 90503
INFO 2026-01-27 20:59:34,653 basehttp 11656 4224 "GET /dashboard/abonnes/1/ HTTP/1.1" 200 0
ERROR 2026-01-27 21:01:21,356 log 11656 2584 Internal Server Error: /dashboard/abonnes/1/
Traceback (most recent call last):
  File "D:\OWN PROJECTS\PETROX BUKAVU\CODEBASE\Petrox\venv\Lib\site-packages\django\core\handlers\exception.py", line 55, in inner
    response = get_response(request)
  File "D:\OWN PROJECTS\PETROX BUKAVU\CODEBASE\Petrox\venv\Lib\site-packages\django\core\handlers\base.py", line 220, in _get_response
    response = response.render()
  File "D:\OWN PROJECTS\PETROX BUKAVU\CODEBASE\Petrox\venv\Lib\site-packages\django\template\response.py", line 114, in render
    self.content = self.rendered_content
                   ^^^^^^^^^^^^^^^^^^^^^
  File "D:\OWN PROJECTS\PETROX BUKAVU\CODEBASE\Petrox\venv\Lib\site-packages\django\template\response.py", line 90, in rendered_content
    template = self.resolve_template(self.template_name)
  File "D:\OWN PROJECTS\PETROX BUKAVU\CODEBASE\Petrox\venv\Lib\site-packages\django\template\response.py", line 72, in resolve_template
    return select_template(template, using=self.using)
  File "D:\OWN PROJECTS\PETROX BUKAVU\CODEBASE\Petrox\venv\Lib\site-packages\django\template\loader.py", line 42, in select_template
    return engine.get_template(template_name)
           ~~~~~~~~~~~~~~~~~~~^^^^^^^^^^^^^^^
  File "D:\OWN PROJECTS\PETROX BUKAVU\CODEBASE\Petrox\venv\Lib\site-packages\django\template\backends\django.py", line 33, in get_template
    return Template(self.engine.get_template(template_name), self)
                    ~~~~~~~~~~~~~~~~~~~~~~~~^^^^^^^^^^^^^^^
  File "D:\OWN PROJECTS\PETROX BUKAVU\CODEBASE\Petrox\venv\Lib\site-packages\django\template\engine.py", line 175, in get_template
    template, origin = self.find_template(template_name)
                       ~~~~~~~~~~~~~~~~~~^^^^^^^^^^^^^^^
  File "D:\OWN PROJECTS\PETROX BUKAVU\CODEBASE\Petrox\venv\Lib\site-packages\django\template\engine.py", line 157, in find_template
    template = loader.get_template(name, skip=skip)
  File "D:\OWN PROJECTS\PETROX BUKAVU\CODEBASE\Petrox\venv\Lib\site-packages\django\template\loaders\cached.py", line 57, in get_template
    template = super().get_template(template_name, skip)
  File "D:\OWN PROJECTS\PETROX BUKAVU\CODEBASE\Petrox\venv\Lib\site-packages\django\template\loaders\base.py", line 28, in get_template
    return Template(
        contents,
    ...<2 lines>...
        self.engine,
    )
  File "D:\OWN PROJECTS\PETROX BUKAVU\CODEBASE\Petrox\venv\Lib\site-packages\django\template\base.py", line 154, in __init__
    self.nodelist = self.compile_nodelist()
                    ~~~~~~~~~~~~~~~~~~~~~^^
  File "D:\OWN PROJECTS\PETROX BUKAVU\CODEBASE\Petrox\venv\Lib\site-packages\django\template\base.py", line 200, in compile_nodelist
    return parser.parse()
           ~~~~~~~~~~~~^^
  File "D:\OWN PROJECTS\PETROX BUKAVU\CODEBASE\Petrox\venv\Lib\site-packages\django\template\base.py", line 513, in parse
    raise self.error(token, e)
  File "D:\OWN PROJECTS\PETROX BUKAVU\CODEBASE\Petrox\venv\Lib\site-packages\django\template\base.py", line 511, in parse
    compiled_result = compile_func(self, token)
  File "D:\OWN PROJECTS\PETROX BUKAVU\CODEBASE\Petrox\venv\Lib\site-packages\django\template\loader_tags.py", line 293, in do_extends
    nodelist = parser.parse()
  File "D:\OWN PROJECTS\PETROX BUKAVU\CODEBASE\Petrox\venv\Lib\site-packages\django\template\base.py", line 513, in parse
    raise self.error(token, e)
  File "D:\OWN PROJECTS\PETROX BUKAVU\CODEBASE\Petrox\venv\Lib\site-packages\django\template\base.py", line 511, in parse
    compiled_result = compile_func(self, token)
  File "D:\OWN PROJECTS\PETROX BUKAVU\CODEBASE\Petrox\venv\Lib\site-packages\django\template\loader_tags.py", line 232, in do_block
    nodelist = parser.parse(("endblock",))
  File "D:\OWN PROJECTS\PETROX BUKAVU\CODEBASE\Petrox\venv\Lib\site-packages\django\template\base.py", line 484, in parse
    raise self.error(token, e)
  File "D:\OWN PROJECTS\PETROX BUKAVU\CODEBASE\Petrox\venv\Lib\site-packages\django\template\base.py", line 482, in parse
    filter_expression = self.compile_filter(token.contents)
  File "D:\OWN PROJECTS\PETROX BUKAVU\CODEBASE\Petrox\venv\Lib\site-packages\django\template\base.py", line 600, in compile_filter
    return FilterExpression(token, self)
  File "D:\OWN PROJECTS\PETROX BUKAVU\CODEBASE\Petrox\venv\Lib\site-packages\django\template\base.py", line 703, in __init__
    raise TemplateSyntaxError(
    ...<2 lines>...
    )
django.template.exceptions.TemplateSyntaxError: Could not parse the remainder: ' == 'prepaye' and 'bg-green-100 text-green-800' or abonne.type_abonnement == 'postpaye' and 'bg-yellow-100 text-yellow-800' or 'bg-purple-100 text-purple-800'' from 'abonne.type_abonnement == 'prepaye' and 'bg-green-100 text-green-800' or abonne.type_abonnement == 'postpaye' and 'bg-yellow-100 text-yellow-800' or 'bg-purple-100 text-purple-800''
ERROR 2026-01-27 21:01:21,367 basehttp 11656 2584 "GET /dashboard/abonnes/1/ HTTP/1.1" 500 276524
INFO 2026-01-27 21:03:48,540 autoreload 11656 8880 D:\OWN PROJECTS\PETROX BUKAVU\CODEBASE\Petrox\apps\admin_module\views_templates.py changed, reloading.
INFO 2026-01-27 21:03:49,308 autoreload 18832 1748 Watching for file changes with StatReloader
ERROR 2026-01-27 21:03:51,691 log 18832 6808 Internal Server Error: /dashboard/abonnes/1/
Traceback (most recent call last):
  File "D:\OWN PROJECTS\PETROX BUKAVU\CODEBASE\Petrox\venv\Lib\site-packages\django\core\handlers\exception.py", line 55, in inner
    response = get_response(request)
  File "D:\OWN PROJECTS\PETROX BUKAVU\CODEBASE\Petrox\venv\Lib\site-packages\django\core\handlers\base.py", line 197, in _get_response
    response = wrapped_callback(request, *callback_args, **callback_kwargs)
  File "D:\OWN PROJECTS\PETROX BUKAVU\CODEBASE\Petrox\venv\Lib\site-packages\django\views\generic\base.py", line 104, in view
    return self.dispatch(request, *args, **kwargs)
           ~~~~~~~~~~~~~^^^^^^^^^^^^^^^^^^^^^^^^^^
  File "D:\OWN PROJECTS\PETROX BUKAVU\CODEBASE\Petrox\venv\Lib\site-packages\django\contrib\auth\mixins.py", line 135, in dispatch
    return super().dispatch(request, *args, **kwargs)
           ~~~~~~~~~~~~~~~~^^^^^^^^^^^^^^^^^^^^^^^^^^
  File "D:\OWN PROJECTS\PETROX BUKAVU\CODEBASE\Petrox\venv\Lib\site-packages\django\views\generic\base.py", line 143, in dispatch
    return handler(request, *args, **kwargs)
  File "D:\OWN PROJECTS\PETROX BUKAVU\CODEBASE\Petrox\venv\Lib\site-packages\django\views\generic\base.py", line 226, in get
    context = self.get_context_data(**kwargs)
  File "D:\OWN PROJECTS\PETROX BUKAVU\CODEBASE\Petrox\apps\admin_module\views_templates.py", line 834, in get_context_data
    last_consumption = consumptions_list.first()
  File "D:\OWN PROJECTS\PETROX BUKAVU\CODEBASE\Petrox\venv\Lib\site-packages\django\db\models\query.py", line 1057, in first
    for obj in queryset[:1]:
               ~~~~~~~~^^^^
  File "D:\OWN PROJECTS\PETROX BUKAVU\CODEBASE\Petrox\venv\Lib\site-packages\django\db\models\query.py", line 398, in __iter__
    self._fetch_all()
    ~~~~~~~~~~~~~~~^^
  File "D:\OWN PROJECTS\PETROX BUKAVU\CODEBASE\Petrox\venv\Lib\site-packages\django\db\models\query.py", line 1881, in _fetch_all
    self._result_cache = list(self._iterable_class(self))
                         ~~~~^^^^^^^^^^^^^^^^^^^^^^^^^^^^
  File "D:\OWN PROJECTS\PETROX BUKAVU\CODEBASE\Petrox\venv\Lib\site-packages\django\db\models\query.py", line 91, in __iter__
    results = compiler.execute_sql(
        chunked_fetch=self.chunked_fetch, chunk_size=self.chunk_size
    )
  File "D:\OWN PROJECTS\PETROX BUKAVU\CODEBASE\Petrox\venv\Lib\site-packages\django\db\models\sql\compiler.py", line 1549, in execute_sql
    sql, params = self.as_sql()
                  ~~~~~~~~~~~^^
  File "D:\OWN PROJECTS\PETROX BUKAVU\CODEBASE\Petrox\venv\Lib\site-packages\django\db\models\sql\compiler.py", line 736, in as_sql
    extra_select, order_by, group_by = self.pre_sql_setup(
                                       ~~~~~~~~~~~~~~~~~~^
        with_col_aliases=with_col_aliases or bool(combinator),
        ^^^^^^^^^^^^^^^^^^^^^^^^^^^^^^^^^^^^^^^^^^^^^^^^^^^^^^
    )
    ^
  File "D:\OWN PROJECTS\PETROX BUKAVU\CODEBASE\Petrox\venv\Lib\site-packages\django\db\models\sql\compiler.py", line 84, in pre_sql_setup
    self.setup_query(with_col_aliases=with_col_aliases)
    ~~~~~~~~~~~~~~~~^^^^^^^^^^^^^^^^^^^^^^^^^^^^^^^^^^^
  File "D:\OWN PROJECTS\PETROX BUKAVU\CODEBASE\Petrox\venv\Lib\site-packages\django\db\models\sql\compiler.py", line 73, in setup_query
    self.select, self.klass_info, self.annotation_col_map = self.get_select(
                                                            ~~~~~~~~~~~~~~~^
        with_col_aliases=with_col_aliases,
        ^^^^^^^^^^^^^^^^^^^^^^^^^^^^^^^^^^
    )
    ^
  File "D:\OWN PROJECTS\PETROX BUKAVU\CODEBASE\Petrox\venv\Lib\site-packages\django\db\models\sql\compiler.py", line 279, in get_select
    related_klass_infos = self.get_related_selections(select, select_mask)
  File "D:\OWN PROJECTS\PETROX BUKAVU\CODEBASE\Petrox\venv\Lib\site-packages\django\db\models\sql\compiler.py", line 1367, in get_related_selections
    raise FieldError(
    ...<6 lines>...
    )
django.core.exceptions.FieldError: Invalid field name(s) given in select_related: 'created_by'. Choices are: abonne, branche, type_carburant
ERROR 2026-01-27 21:03:51,703 basehttp 18832 6808 "GET /dashboard/abonnes/1/ HTTP/1.1" 500 152933
INFO 2026-01-27 21:15:08,536 basehttp 18832 16172 "GET /dashboard/abonnes/ HTTP/1.1" 200 76258
INFO 2026-01-27 21:15:08,575 basehttp 18832 16172 "GET /media/users/photos/abraham-removebg-preview.png HTTP/1.1" 304 0
INFO 2026-01-27 21:15:09,894 basehttp 18832 16172 "GET /dashboard/api/abonnes/? HTTP/1.1" 200 443
ERROR 2026-01-27 21:15:15,907 log 18832 8232 Internal Server Error: /dashboard/abonnes/1/
Traceback (most recent call last):
  File "D:\OWN PROJECTS\PETROX BUKAVU\CODEBASE\Petrox\venv\Lib\site-packages\django\core\handlers\exception.py", line 55, in inner
    response = get_response(request)
  File "D:\OWN PROJECTS\PETROX BUKAVU\CODEBASE\Petrox\venv\Lib\site-packages\django\core\handlers\base.py", line 197, in _get_response
    response = wrapped_callback(request, *callback_args, **callback_kwargs)
  File "D:\OWN PROJECTS\PETROX BUKAVU\CODEBASE\Petrox\venv\Lib\site-packages\django\views\generic\base.py", line 104, in view
    return self.dispatch(request, *args, **kwargs)
           ~~~~~~~~~~~~~^^^^^^^^^^^^^^^^^^^^^^^^^^
  File "D:\OWN PROJECTS\PETROX BUKAVU\CODEBASE\Petrox\venv\Lib\site-packages\django\contrib\auth\mixins.py", line 135, in dispatch
    return super().dispatch(request, *args, **kwargs)
           ~~~~~~~~~~~~~~~~^^^^^^^^^^^^^^^^^^^^^^^^^^
  File "D:\OWN PROJECTS\PETROX BUKAVU\CODEBASE\Petrox\venv\Lib\site-packages\django\views\generic\base.py", line 143, in dispatch
    return handler(request, *args, **kwargs)
  File "D:\OWN PROJECTS\PETROX BUKAVU\CODEBASE\Petrox\venv\Lib\site-packages\django\views\generic\base.py", line 226, in get
    context = self.get_context_data(**kwargs)
  File "D:\OWN PROJECTS\PETROX BUKAVU\CODEBASE\Petrox\apps\admin_module\views_templates.py", line 834, in get_context_data
    last_consumption = consumptions_list.first()
  File "D:\OWN PROJECTS\PETROX BUKAVU\CODEBASE\Petrox\venv\Lib\site-packages\django\db\models\query.py", line 1057, in first
    for obj in queryset[:1]:
               ~~~~~~~~^^^^
  File "D:\OWN PROJECTS\PETROX BUKAVU\CODEBASE\Petrox\venv\Lib\site-packages\django\db\models\query.py", line 398, in __iter__
    self._fetch_all()
    ~~~~~~~~~~~~~~~^^
  File "D:\OWN PROJECTS\PETROX BUKAVU\CODEBASE\Petrox\venv\Lib\site-packages\django\db\models\query.py", line 1881, in _fetch_all
    self._result_cache = list(self._iterable_class(self))
                         ~~~~^^^^^^^^^^^^^^^^^^^^^^^^^^^^
  File "D:\OWN PROJECTS\PETROX BUKAVU\CODEBASE\Petrox\venv\Lib\site-packages\django\db\models\query.py", line 91, in __iter__
    results = compiler.execute_sql(
        chunked_fetch=self.chunked_fetch, chunk_size=self.chunk_size
    )
  File "D:\OWN PROJECTS\PETROX BUKAVU\CODEBASE\Petrox\venv\Lib\site-packages\django\db\models\sql\compiler.py", line 1549, in execute_sql
    sql, params = self.as_sql()
                  ~~~~~~~~~~~^^
  File "D:\OWN PROJECTS\PETROX BUKAVU\CODEBASE\Petrox\venv\Lib\site-packages\django\db\models\sql\compiler.py", line 736, in as_sql
    extra_select, order_by, group_by = self.pre_sql_setup(
                                       ~~~~~~~~~~~~~~~~~~^
        with_col_aliases=with_col_aliases or bool(combinator),
        ^^^^^^^^^^^^^^^^^^^^^^^^^^^^^^^^^^^^^^^^^^^^^^^^^^^^^^
    )
    ^
  File "D:\OWN PROJECTS\PETROX BUKAVU\CODEBASE\Petrox\venv\Lib\site-packages\django\db\models\sql\compiler.py", line 84, in pre_sql_setup
    self.setup_query(with_col_aliases=with_col_aliases)
    ~~~~~~~~~~~~~~~~^^^^^^^^^^^^^^^^^^^^^^^^^^^^^^^^^^^
  File "D:\OWN PROJECTS\PETROX BUKAVU\CODEBASE\Petrox\venv\Lib\site-packages\django\db\models\sql\compiler.py", line 73, in setup_query
    self.select, self.klass_info, self.annotation_col_map = self.get_select(
                                                            ~~~~~~~~~~~~~~~^
        with_col_aliases=with_col_aliases,
        ^^^^^^^^^^^^^^^^^^^^^^^^^^^^^^^^^^
    )
    ^
  File "D:\OWN PROJECTS\PETROX BUKAVU\CODEBASE\Petrox\venv\Lib\site-packages\django\db\models\sql\compiler.py", line 279, in get_select
    related_klass_infos = self.get_related_selections(select, select_mask)
  File "D:\OWN PROJECTS\PETROX BUKAVU\CODEBASE\Petrox\venv\Lib\site-packages\django\db\models\sql\compiler.py", line 1367, in get_related_selections
    raise FieldError(
    ...<6 lines>...
    )
django.core.exceptions.FieldError: Invalid field name(s) given in select_related: 'created_by'. Choices are: abonne, branche, type_carburant
ERROR 2026-01-27 21:15:15,916 basehttp 18832 8232 "GET /dashboard/abonnes/1/ HTTP/1.1" 500 152965
INFO 2026-01-27 21:15:22,590 basehttp 18832 16796 "GET /dashboard/api/abonnes/1/history/ HTTP/1.1" 200 247
INFO 2026-01-27 21:15:26,089 basehttp 18832 16796 "GET /dashboard/api/abonnes/1/payment-history/ HTTP/1.1" 200 237
INFO 2026-01-27 21:15:36,288 basehttp 18832 16796 "GET /dashboard/api/abonnes/1/ HTTP/1.1" 200 534
ERROR 2026-01-27 21:15:51,382 log 18832 16796 Internal Server Error: /dashboard/abonnes/1/
Traceback (most recent call last):
  File "D:\OWN PROJECTS\PETROX BUKAVU\CODEBASE\Petrox\venv\Lib\site-packages\django\core\handlers\exception.py", line 55, in inner
    response = get_response(request)
  File "D:\OWN PROJECTS\PETROX BUKAVU\CODEBASE\Petrox\venv\Lib\site-packages\django\core\handlers\base.py", line 197, in _get_response
    response = wrapped_callback(request, *callback_args, **callback_kwargs)
  File "D:\OWN PROJECTS\PETROX BUKAVU\CODEBASE\Petrox\venv\Lib\site-packages\django\views\generic\base.py", line 104, in view
    return self.dispatch(request, *args, **kwargs)
           ~~~~~~~~~~~~~^^^^^^^^^^^^^^^^^^^^^^^^^^
  File "D:\OWN PROJECTS\PETROX BUKAVU\CODEBASE\Petrox\venv\Lib\site-packages\django\contrib\auth\mixins.py", line 135, in dispatch
    return super().dispatch(request, *args, **kwargs)
           ~~~~~~~~~~~~~~~~^^^^^^^^^^^^^^^^^^^^^^^^^^
  File "D:\OWN PROJECTS\PETROX BUKAVU\CODEBASE\Petrox\venv\Lib\site-packages\django\views\generic\base.py", line 143, in dispatch
    return handler(request, *args, **kwargs)
  File "D:\OWN PROJECTS\PETROX BUKAVU\CODEBASE\Petrox\venv\Lib\site-packages\django\views\generic\base.py", line 226, in get
    context = self.get_context_data(**kwargs)
  File "D:\OWN PROJECTS\PETROX BUKAVU\CODEBASE\Petrox\apps\admin_module\views_templates.py", line 834, in get_context_data
    last_consumption = consumptions_list.first()
  File "D:\OWN PROJECTS\PETROX BUKAVU\CODEBASE\Petrox\venv\Lib\site-packages\django\db\models\query.py", line 1057, in first
    for obj in queryset[:1]:
               ~~~~~~~~^^^^
  File "D:\OWN PROJECTS\PETROX BUKAVU\CODEBASE\Petrox\venv\Lib\site-packages\django\db\models\query.py", line 398, in __iter__
    self._fetch_all()
    ~~~~~~~~~~~~~~~^^
  File "D:\OWN PROJECTS\PETROX BUKAVU\CODEBASE\Petrox\venv\Lib\site-packages\django\db\models\query.py", line 1881, in _fetch_all
    self._result_cache = list(self._iterable_class(self))
                         ~~~~^^^^^^^^^^^^^^^^^^^^^^^^^^^^
  File "D:\OWN PROJECTS\PETROX BUKAVU\CODEBASE\Petrox\venv\Lib\site-packages\django\db\models\query.py", line 91, in __iter__
    results = compiler.execute_sql(
        chunked_fetch=self.chunked_fetch, chunk_size=self.chunk_size
    )
  File "D:\OWN PROJECTS\PETROX BUKAVU\CODEBASE\Petrox\venv\Lib\site-packages\django\db\models\sql\compiler.py", line 1549, in execute_sql
    sql, params = self.as_sql()
                  ~~~~~~~~~~~^^
  File "D:\OWN PROJECTS\PETROX BUKAVU\CODEBASE\Petrox\venv\Lib\site-packages\django\db\models\sql\compiler.py", line 736, in as_sql
    extra_select, order_by, group_by = self.pre_sql_setup(
                                       ~~~~~~~~~~~~~~~~~~^
        with_col_aliases=with_col_aliases or bool(combinator),
        ^^^^^^^^^^^^^^^^^^^^^^^^^^^^^^^^^^^^^^^^^^^^^^^^^^^^^^
    )
    ^
  File "D:\OWN PROJECTS\PETROX BUKAVU\CODEBASE\Petrox\venv\Lib\site-packages\django\db\models\sql\compiler.py", line 84, in pre_sql_setup
    self.setup_query(with_col_aliases=with_col_aliases)
    ~~~~~~~~~~~~~~~~^^^^^^^^^^^^^^^^^^^^^^^^^^^^^^^^^^^
  File "D:\OWN PROJECTS\PETROX BUKAVU\CODEBASE\Petrox\venv\Lib\site-packages\django\db\models\sql\compiler.py", line 73, in setup_query
    self.select, self.klass_info, self.annotation_col_map = self.get_select(
                                                            ~~~~~~~~~~~~~~~^
        with_col_aliases=with_col_aliases,
        ^^^^^^^^^^^^^^^^^^^^^^^^^^^^^^^^^^
    )
    ^
  File "D:\OWN PROJECTS\PETROX BUKAVU\CODEBASE\Petrox\venv\Lib\site-packages\django\db\models\sql\compiler.py", line 279, in get_select
    related_klass_infos = self.get_related_selections(select, select_mask)
  File "D:\OWN PROJECTS\PETROX BUKAVU\CODEBASE\Petrox\venv\Lib\site-packages\django\db\models\sql\compiler.py", line 1367, in get_related_selections
    raise FieldError(
    ...<6 lines>...
    )
django.core.exceptions.FieldError: Invalid field name(s) given in select_related: 'created_by'. Choices are: abonne, branche, type_carburant
ERROR 2026-01-27 21:15:51,390 basehttp 18832 16796 "GET /dashboard/abonnes/1/ HTTP/1.1" 500 152965
INFO 2026-01-27 21:19:18,743 autoreload 18832 1748 D:\OWN PROJECTS\PETROX BUKAVU\CODEBASE\Petrox\apps\admin_module\views_templates.py changed, reloading.
INFO 2026-01-27 21:19:19,823 autoreload 21288 12688 Watching for file changes with StatReloader
ERROR 2026-01-27 21:19:23,549 log 21288 14896 Internal Server Error: /dashboard/abonnes/1/
Traceback (most recent call last):
  File "D:\OWN PROJECTS\PETROX BUKAVU\CODEBASE\Petrox\venv\Lib\site-packages\django\core\handlers\exception.py", line 55, in inner
    response = get_response(request)
  File "D:\OWN PROJECTS\PETROX BUKAVU\CODEBASE\Petrox\venv\Lib\site-packages\django\core\handlers\base.py", line 220, in _get_response
    response = response.render()
  File "D:\OWN PROJECTS\PETROX BUKAVU\CODEBASE\Petrox\venv\Lib\site-packages\django\template\response.py", line 114, in render
    self.content = self.rendered_content
                   ^^^^^^^^^^^^^^^^^^^^^
  File "D:\OWN PROJECTS\PETROX BUKAVU\CODEBASE\Petrox\venv\Lib\site-packages\django\template\response.py", line 90, in rendered_content
    template = self.resolve_template(self.template_name)
  File "D:\OWN PROJECTS\PETROX BUKAVU\CODEBASE\Petrox\venv\Lib\site-packages\django\template\response.py", line 72, in resolve_template
    return select_template(template, using=self.using)
  File "D:\OWN PROJECTS\PETROX BUKAVU\CODEBASE\Petrox\venv\Lib\site-packages\django\template\loader.py", line 42, in select_template
    return engine.get_template(template_name)
           ~~~~~~~~~~~~~~~~~~~^^^^^^^^^^^^^^^
  File "D:\OWN PROJECTS\PETROX BUKAVU\CODEBASE\Petrox\venv\Lib\site-packages\django\template\backends\django.py", line 33, in get_template
    return Template(self.engine.get_template(template_name), self)
                    ~~~~~~~~~~~~~~~~~~~~~~~~^^^^^^^^^^^^^^^
  File "D:\OWN PROJECTS\PETROX BUKAVU\CODEBASE\Petrox\venv\Lib\site-packages\django\template\engine.py", line 175, in get_template
    template, origin = self.find_template(template_name)
                       ~~~~~~~~~~~~~~~~~~^^^^^^^^^^^^^^^
  File "D:\OWN PROJECTS\PETROX BUKAVU\CODEBASE\Petrox\venv\Lib\site-packages\django\template\engine.py", line 157, in find_template
    template = loader.get_template(name, skip=skip)
  File "D:\OWN PROJECTS\PETROX BUKAVU\CODEBASE\Petrox\venv\Lib\site-packages\django\template\loaders\cached.py", line 57, in get_template
    template = super().get_template(template_name, skip)
  File "D:\OWN PROJECTS\PETROX BUKAVU\CODEBASE\Petrox\venv\Lib\site-packages\django\template\loaders\base.py", line 28, in get_template
    return Template(
        contents,
    ...<2 lines>...
        self.engine,
    )
  File "D:\OWN PROJECTS\PETROX BUKAVU\CODEBASE\Petrox\venv\Lib\site-packages\django\template\base.py", line 154, in __init__
    self.nodelist = self.compile_nodelist()
                    ~~~~~~~~~~~~~~~~~~~~~^^
  File "D:\OWN PROJECTS\PETROX BUKAVU\CODEBASE\Petrox\venv\Lib\site-packages\django\template\base.py", line 200, in compile_nodelist
    return parser.parse()
           ~~~~~~~~~~~~^^
  File "D:\OWN PROJECTS\PETROX BUKAVU\CODEBASE\Petrox\venv\Lib\site-packages\django\template\base.py", line 513, in parse
    raise self.error(token, e)
  File "D:\OWN PROJECTS\PETROX BUKAVU\CODEBASE\Petrox\venv\Lib\site-packages\django\template\base.py", line 511, in parse
    compiled_result = compile_func(self, token)
  File "D:\OWN PROJECTS\PETROX BUKAVU\CODEBASE\Petrox\venv\Lib\site-packages\django\template\loader_tags.py", line 293, in do_extends
    nodelist = parser.parse()
  File "D:\OWN PROJECTS\PETROX BUKAVU\CODEBASE\Petrox\venv\Lib\site-packages\django\template\base.py", line 513, in parse
    raise self.error(token, e)
  File "D:\OWN PROJECTS\PETROX BUKAVU\CODEBASE\Petrox\venv\Lib\site-packages\django\template\base.py", line 511, in parse
    compiled_result = compile_func(self, token)
  File "D:\OWN PROJECTS\PETROX BUKAVU\CODEBASE\Petrox\venv\Lib\site-packages\django\template\loader_tags.py", line 232, in do_block
    nodelist = parser.parse(("endblock",))
  File "D:\OWN PROJECTS\PETROX BUKAVU\CODEBASE\Petrox\venv\Lib\site-packages\django\template\base.py", line 484, in parse
    raise self.error(token, e)
  File "D:\OWN PROJECTS\PETROX BUKAVU\CODEBASE\Petrox\venv\Lib\site-packages\django\template\base.py", line 482, in parse
    filter_expression = self.compile_filter(token.contents)
  File "D:\OWN PROJECTS\PETROX BUKAVU\CODEBASE\Petrox\venv\Lib\site-packages\django\template\base.py", line 600, in compile_filter
    return FilterExpression(token, self)
  File "D:\OWN PROJECTS\PETROX BUKAVU\CODEBASE\Petrox\venv\Lib\site-packages\django\template\base.py", line 703, in __init__
    raise TemplateSyntaxError(
    ...<2 lines>...
    )
django.template.exceptions.TemplateSyntaxError: Could not parse the remainder: ' == 'prepaye' and 'bg-green-100 text-green-800' or abonne.type_abonnement == 'postpaye' and 'bg-yellow-100 text-yellow-800' or 'bg-purple-100 text-purple-800'' from 'abonne.type_abonnement == 'prepaye' and 'bg-green-100 text-green-800' or abonne.type_abonnement == 'postpaye' and 'bg-yellow-100 text-yellow-800' or 'bg-purple-100 text-purple-800''
ERROR 2026-01-27 21:19:23,559 basehttp 21288 14896 "GET /dashboard/abonnes/1/ HTTP/1.1" 500 276693
INFO 2026-01-27 21:25:14,126 basehttp 21288 12088 "GET /dashboard/abonnes/1/ HTTP/1.1" 200 42456
WARNING 2026-01-27 21:26:10,848 log 21288 3876 Not Found: /dashboard/api/payments/create/
WARNING 2026-01-27 21:26:10,849 basehttp 21288 3876 "POST /dashboard/api/payments/create/ HTTP/1.1" 404 32297
INFO 2026-01-27 21:29:45,823 basehttp 21288 11388 "GET /dashboard/abonnes/1/ HTTP/1.1" 200 42456
WARNING 2026-01-27 21:30:03,982 log 21288 19912 Not Found: /dashboard/api/payments/create/
WARNING 2026-01-27 21:30:03,983 basehttp 21288 19912 "POST /dashboard/api/payments/create/ HTTP/1.1" 404 32297
INFO 2026-01-27 21:30:33,252 basehttp 21288 3136 "GET /dashboard/abonnes/ HTTP/1.1" 200 76258
INFO 2026-01-27 21:30:33,581 basehttp 21288 3136 "GET /dashboard/api/abonnes/? HTTP/1.1" 200 443
INFO 2026-01-27 21:30:35,945 basehttp 21288 3136 "GET /dashboard/abonnes/1/ HTTP/1.1" 200 42456
INFO 2026-01-27 21:30:45,490 basehttp 21288 3136 "GET /dashboard/abonnes/ HTTP/1.1" 200 76258
INFO 2026-01-27 21:30:45,785 basehttp 21288 3136 "GET /dashboard/api/abonnes/? HTTP/1.1" 200 443
WARNING 2026-01-27 21:31:05,199 log 21288 3136 Not Found: /dashboard/api/payments/create/
WARNING 2026-01-27 21:31:05,200 basehttp 21288 3136 "POST /dashboard/api/payments/create/ HTTP/1.1" 404 32297
INFO 2026-01-27 21:32:03,092 basehttp 21288 3136 "GET /dashboard/abonnes/1/ HTTP/1.1" 200 42456
INFO 2026-01-27 21:38:56,893 autoreload 21288 12688 D:\OWN PROJECTS\PETROX BUKAVU\CODEBASE\Petrox\apps\admin_module\views.py changed, reloading.
INFO 2026-01-27 21:38:58,277 autoreload 19156 7592 Watching for file changes with StatReloader
INFO 2026-01-27 21:39:22,610 autoreload 19156 7592 D:\OWN PROJECTS\PETROX BUKAVU\CODEBASE\Petrox\apps\admin_module\urls.py changed, reloading.
INFO 2026-01-27 21:39:23,827 autoreload 6528 13548 Watching for file changes with StatReloader
INFO 2026-01-27 21:39:28,512 basehttp 6528 12000 "GET /dashboard/abonnes/1/ HTTP/1.1" 200 42456
INFO 2026-01-27 21:39:41,446 basehttp 6528 12444 "POST /dashboard/api/payments/create/ HTTP/1.1" 200 222
INFO 2026-01-27 21:39:42,561 basehttp 6528 13604 "GET /dashboard/abonnes/1/ HTTP/1.1" 200 42456
INFO 2026-01-27 21:39:54,307 basehttp 6528 19036 "GET /dashboard/abonnes/ HTTP/1.1" 200 76258
INFO 2026-01-27 21:39:54,511 basehttp 6528 19036 "GET /dashboard/api/abonnes/? HTTP/1.1" 200 443
INFO 2026-01-27 21:39:58,795 basehttp 6528 19036 "GET /dashboard/ HTTP/1.1" 200 63116
INFO 2026-01-27 21:39:59,115 basehttp 6528 19036 "GET /dashboard/api/stats/?branche_id=all&period=month&devise=USD HTTP/1.1" 200 1052
INFO 2026-01-27 21:40:13,319 basehttp 6528 7308 "GET /dashboard/abonnes/ HTTP/1.1" 200 76258
INFO 2026-01-27 21:40:13,526 basehttp 6528 7308 "GET /dashboard/api/abonnes/? HTTP/1.1" 200 443
INFO 2026-01-27 21:40:15,527 basehttp 6528 7308 "GET /dashboard/abonnes/1/ HTTP/1.1" 200 42456
INFO 2026-01-27 21:43:54,248 basehttp 6528 508 "GET /dashboard/abonnes/1/ HTTP/1.1" 200 43049
INFO 2026-01-27 21:43:58,995 basehttp 6528 508 "GET /dashboard/abonnes/ HTTP/1.1" 200 76851
INFO 2026-01-27 21:43:59,205 basehttp 6528 508 "GET /dashboard/api/abonnes/? HTTP/1.1" 200 443
INFO 2026-01-27 21:44:02,765 basehttp 6528 508 "GET /dashboard/api/abonnes/1/payment-history/ HTTP/1.1" 200 399
INFO 2026-01-27 21:44:53,868 basehttp 6528 508 "GET /dashboard/api/abonnes/1/payment-history/ HTTP/1.1" 200 399
INFO 2026-01-27 21:45:16,348 basehttp 6528 508 "GET /dashboard/api/abonnes/1/history/ HTTP/1.1" 200 247
INFO 2026-01-27 21:46:56,678 basehttp 6528 508 "GET /dashboard/api/abonnes/1/history/ HTTP/1.1" 200 247
INFO 2026-01-27 21:47:45,267 basehttp 6528 2060 "GET /dashboard/abonnes/1/ HTTP/1.1" 200 43049
INFO 2026-01-27 21:47:59,773 basehttp 6528 2060 "GET /dashboard/abonnes/ HTTP/1.1" 200 76851
INFO 2026-01-27 21:47:59,972 basehttp 6528 2060 "GET /dashboard/api/abonnes/? HTTP/1.1" 200 443
INFO 2026-01-27 21:48:09,167 basehttp 6528 2060 "GET /dashboard/api/abonnes/export/pdf/? HTTP/1.1" 200 2454
INFO 2026-01-27 21:48:53,765 basehttp 6528 10680 "GET /dashboard/utilisateurs/ HTTP/1.1" 200 109464
INFO 2026-01-27 21:49:33,030 basehttp 6528 10680 "GET /dashboard/carburants/ HTTP/1.1" 200 81240
INFO 2026-01-28 13:55:32,363 autoreload 16352 4332 Watching for file changes with StatReloader
INFO 2026-01-28 13:55:36,813 basehttp 16352 6072 "GET / HTTP/1.1" 302 0
INFO 2026-01-28 13:55:37,535 basehttp 16352 6072 "GET /dashboard/ HTTP/1.1" 200 63116
INFO 2026-01-28 13:55:37,654 basehttp 16352 6072 "GET /media/users/photos/abraham-removebg-preview.png HTTP/1.1" 304 0
INFO 2026-01-28 13:55:39,791 basehttp 16352 6072 "GET /dashboard/api/stats/?branche_id=all&period=month&devise=USD HTTP/1.1" 200 1071
WARNING 2026-01-28 13:55:40,030 log 16352 18408 Not Found: /favicon.ico
WARNING 2026-01-28 13:55:40,032 basehttp 16352 18408 "GET /favicon.ico HTTP/1.1" 404 3134
INFO 2026-01-28 13:56:02,549 basehttp 16352 6392 "GET /dashboard/carburants/ HTTP/1.1" 200 81240
INFO 2026-01-28 13:58:01,513 basehttp 16352 3056 "GET /dashboard/carburants/ HTTP/1.1" 200 67703
INFO 2026-01-28 13:58:02,215 basehttp 16352 3056 "GET /dashboard/api/fuel-types/ HTTP/1.1" 200 541
INFO 2026-01-28 13:58:02,229 basehttp 16352 7656 "GET /dashboard/api/stock/ HTTP/1.1" 200 704
INFO 2026-01-28 13:58:45,718 basehttp 16352 7656 "GET /dashboard/carburants/ HTTP/1.1" 200 81240
INFO 2026-01-28 14:00:04,893 autoreload 16352 4332 D:\OWN PROJECTS\PETROX BUKAVU\CODEBASE\Petrox\apps\admin_module\urls.py changed, reloading.
INFO 2026-01-28 14:00:07,399 autoreload 9860 14068 Watching for file changes with StatReloader
INFO 2026-01-28 14:00:14,754 autoreload 9860 14068 D:\OWN PROJECTS\PETROX BUKAVU\CODEBASE\Petrox\apps\admin_module\views.py changed, reloading.
INFO 2026-01-28 14:00:16,527 autoreload 16712 748 Watching for file changes with StatReloader
INFO 2026-01-28 14:17:02,445 autoreload 16712 748 D:\OWN PROJECTS\PETROX BUKAVU\CODEBASE\Petrox\apps\admin_module\views.py changed, reloading.
INFO 2026-01-28 14:17:04,762 autoreload 7864 7768 Watching for file changes with StatReloader
INFO 2026-01-28 14:17:51,888 autoreload 7864 7768 D:\OWN PROJECTS\PETROX BUKAVU\CODEBASE\Petrox\apps\admin_module\views.py changed, reloading.
INFO 2026-01-28 14:17:54,273 autoreload 14580 18040 Watching for file changes with StatReloader
INFO 2026-01-28 14:18:07,018 autoreload 14580 18040 D:\OWN PROJECTS\PETROX BUKAVU\CODEBASE\Petrox\apps\admin_module\views_templates.py changed, reloading.
INFO 2026-01-28 14:18:08,888 autoreload 3020 18268 Watching for file changes with StatReloader
INFO 2026-01-28 14:18:15,864 basehttp 3020 5748 "GET /dashboard/salaires/ HTTP/1.1" 200 39779
INFO 2026-01-28 14:20:50,933 autoreload 3020 18268 D:\OWN PROJECTS\PETROX BUKAVU\CODEBASE\Petrox\apps\admin_module\views.py changed, reloading.
INFO 2026-01-28 14:20:53,770 autoreload 8264 1524 Watching for file changes with StatReloader
INFO 2026-01-28 14:21:59,636 autoreload 8264 1524 D:\OWN PROJECTS\PETROX BUKAVU\CODEBASE\Petrox\apps\admin_module\urls.py changed, reloading.
INFO 2026-01-28 14:22:01,941 autoreload 3540 12980 Watching for file changes with StatReloader
INFO 2026-01-28 14:23:16,404 basehttp 3540 2240 "GET /dashboard/salaires/ HTTP/1.1" 200 61965
INFO 2026-01-28 14:27:43,748 basehttp 3540 5808 "GET /dashboard/salaires/ HTTP/1.1" 200 62412
INFO 2026-01-28 14:32:10,117 autoreload 3540 12980 D:\OWN PROJECTS\PETROX BUKAVU\CODEBASE\Petrox\apps\admin_module\views.py changed, reloading.
INFO 2026-01-28 14:32:12,237 autoreload 15840 7936 Watching for file changes with StatReloader
INFO 2026-01-28 14:32:16,588 basehttp 15840 3636 "GET /dashboard/salaires/ HTTP/1.1" 200 62412
ERROR 2026-01-28 14:37:31,253 log 15840 15616 Internal Server Error: /dashboard/api/salaries/employees/
ERROR 2026-01-28 14:37:31,256 basehttp 15840 15616 "GET /dashboard/api/salaries/employees/?branche_id=all&employee_type=all HTTP/1.1" 500 284
WARNING 2026-01-28 14:38:00,578 log 15840 15616 Not Found: /dashboard/api/salaries/
WARNING 2026-01-28 14:38:00,580 basehttp 15840 15616 "GET /dashboard/api/salaries/ HTTP/1.1" 404 33353
